-- MySQL dump 10.11
--
-- Host: localhost    Database: awkwardt_schema
-- ------------------------------------------------------
-- Server version	5.0.95-community

/*!40101 SET @OLD_CHARACTER_SET_CLIENT=@@CHARACTER_SET_CLIENT */;
/*!40101 SET @OLD_CHARACTER_SET_RESULTS=@@CHARACTER_SET_RESULTS */;
/*!40101 SET @OLD_COLLATION_CONNECTION=@@COLLATION_CONNECTION */;
/*!40101 SET NAMES utf8 */;
/*!40103 SET @OLD_TIME_ZONE=@@TIME_ZONE */;
/*!40103 SET TIME_ZONE='+00:00' */;
/*!40014 SET @OLD_UNIQUE_CHECKS=@@UNIQUE_CHECKS, UNIQUE_CHECKS=0 */;
/*!40014 SET @OLD_FOREIGN_KEY_CHECKS=@@FOREIGN_KEY_CHECKS, FOREIGN_KEY_CHECKS=0 */;
/*!40101 SET @OLD_SQL_MODE=@@SQL_MODE, SQL_MODE='NO_AUTO_VALUE_ON_ZERO' */;
/*!40111 SET @OLD_SQL_NOTES=@@SQL_NOTES, SQL_NOTES=0 */;

--
-- Table structure for table `Checkins`
--

DROP TABLE IF EXISTS `Checkins`;
/*!40101 SET @saved_cs_client     = @@character_set_client */;
/*!40101 SET character_set_client = utf8 */;
CREATE TABLE `Checkins` (
  `Email` varchar(30) NOT NULL default 'NULL',
  `Count` int(100) NOT NULL default '0'
) ENGINE=MyISAM DEFAULT CHARSET=latin1;
/*!40101 SET character_set_client = @saved_cs_client */;

--
-- Dumping data for table `Checkins`
--

LOCK TABLES `Checkins` WRITE;
/*!40000 ALTER TABLE `Checkins` DISABLE KEYS */;
INSERT INTO `Checkins` (`Email`, `Count`) VALUES ('a@a.com',0),('aabjan2@illinois.edu',0),('abcd@gmail.com',0),('adam.jabs@gmail.com',0),('adamheld68@hotmail.com',0),('adammatsui@gmail.com',0),('anman1292@gmail.com',0),('anonymouslife@rocketmail.com',0),('anubis57@ymail.com',0),('ariel.kaplunovsky@gmail.com',0),('asd@yahoo.com',0),('asdd@gmail.com',0),('asilsniknej@yahoo.com',0),('ask994@gmail.com',8),('a_dude_hunk@yahoo.com',0),('banderson@cuhsd.org',0),('behn.dohvor25@gmail.com',0),('bhagwat4@illinois.edu',0),('bhushan1@illinois.edu',44),('binjraj1@illinois.edu',0),('blackkeys@gmail.com',0),('bmortell27@gmail.com',0),('bob@gmail.com',0),('bobby@yahoo.com',0),('boobs@gmail.com',0),('bwassie@mit.edu',0),('casswarning@gmail.com',0),('ccerte2@illinois.edu',0),('chelenpointe11@aol.com',0),('chrisbrodecki@gmail.com',0),('clinicalawesomeness@live.com',0),('crmcint2@illinois.edu',0),('c_higgins3@hotmail.com',0),('dacatabay@gmail.com',0),('Dantron97@yahoo.com',0),('darryl_drangleroots@gmail.com',0),('dbiddle2011@gmail.com',0),('dfsa@fsf.com',0),('dperlin2@gmail.com',0),('dregrarland@yahoo.com',0),('d_tao928@yahoo.com',0),('elbrento584@gmail.com',0),('emerymontelibano@yahoo.com',0),('evoreld@yahoo.com',0),('fernand4@illinois.edu',0),('Foxxx@yahoo.com',0),('gabriel94slabo@yahoo.com',2),('glowuptheball@yahoo.com',0),('griffit9@illinois.edu',0),('gublermark@gmail.com',0),('haesfaeha@gmail.com',0),('haleyjohnson92@yahoo.com',0),('hbollma2@illinois.edu',0),('henry.rosas@ymail.com',0),('herecomesjatin@yahoo.com',0),('hornej10@gmail.com',0),('husk_orn15@yahoo.com',0),('ianbob4@yahoo.com',0),('ianwyrick@gmail.com',0),('ishterrence@hotmail.com',6),('jackiegleason@gmail.com',0),('jacobhall4@yahoo.com',0),('jbailey2010@gmail.com',53),('jblin2@illinois.edu',0),('jeserni1@illinois.edu',0),('jjgronk@yahoo.com',0),('jmontoya@mail..com',0),('jmontoya@mail.com',0),('johnnytwococks@yahoo.com',0),('jonathan.r.weisman@gmail.com',0),('joshuaseveri@gmail.com',0),('jperlin18@gmail.com',0),('judd_bernardo@yahoo.com',0),('kaiser537@yahoo.com',0),('kanishkg@gmail.com',0),('kapwetra@gmail.com',0),('kathleenrguzy@gmail.com',0),('Kauffma4@illinois.edu',0),('kjoon_hi@yahoo.com',0),('kuhleme2@illinois.edu',0),('l.joshatron@gmail.com',0),('lkperlin@aol.com',0),('loi.nguyen3999@yahoo.com',0),('lolloginemail@gmail.com',0),('m.vonkannon44@hotmail.com',0),('m.witthaus@yahoo.com',0),('macase14@transy.edu',0),('maimophantomhive@gmail.com',8),('matthewrmcgill@gmail.com',0),('mayer18@illinois.edu',0),('mcamich@gmail.com',0),('mcdo.matt@yahoo.com',0),('mckenzie38@comcast.net',0),('mdasgup2@illinois.edu',0),('medeck@cox.net',0),('mesteans@yahoo.com',0),('michelly2n@gmail.com',0),('mike.van.popering@gmail.com',0),('mills16@illinois.edu',0),('mmgogreengirl@gmail.com',0),('mselene@yahoo.com',0),('mvd7793@gmail.com',0),('nedned91243@yahoo.com',0),('nick.fregeau@yahoo.com',0),('nicolenncoco@gmail.com',0),('omaro715@yahoo.com',2),('oogle@yahoo.com',0),('patrick95117@gmail.com',0),('paymon64@gmail.com',0),('paymon69@gmail.com',0),('pielord1@gmail.com',0),('polmans1@illinois.edu',0),('qwertasdqwert@yahoo.com',0),('rachael.weed@gmail.com',0),('rachelswanson119@yahoo.com',0),('read.nelly@gmail.com',0),('redding3@illinois.edu',0),('richard@erisainc.com',0),('RicketyCricket@aburns.us',0),('RonPaul@gmailc.com',0),('sagupta2@illinois.edu',0),('sandhya_g@yahoo.com',0),('screwup13@gmail.com',0),('Sean.A208@gmail.com',0),('sexyandiknowit@yahoo.com',0),('sexyanduknowit@yahoo.com',0),('sgmoti@yahoo.com',0),('shawn.cosmos@att.net',0),('shawn.cosmos@gmail.com',0),('sjacobs@gmail.com',0),('slick2@illinois.edu',0),('smallsdc25@yahoo.com',0),('sooraj54321@gmail.com',0),('spowell0062@gmail.com',0),('SrimanCurry@Yahoo.com',0),('srimank@gmail.com',0),('srmeyer2@illinois.edu',0),('steans2@illinois.edu',0),('STRhuntrFLUFFY@gmail.com',0),('sunnymohan61@yahoo.com',0),('surbhicj@gmail.com',0),('Sushi.Noodles@yahoo.com',0),('svihla1@illinois.edu',0),('tennisdude8@gmail.com',2),('tharwan1@illinois.edu',0),('tuesday@gmail.com',0),('veronnnniica@gmail.com',0),('VRED93@gmail.com',0),('vyfly2000@yahoo.com',2),('walter18@illinois.edu',0),('webb13@illinois.edu',0),('william.yang@sbcglobal.net',0),('xia_irena@yahoo.com',0),('yummyfruits@yahoo.com',0),('ZacBailey@gmail.com',0),('zerlure@gmail.com',36),('Zythous@gmail.com',0),('a1@notreal.com',0),('Android@gmail.com',1),('123@pie.com',1),('perlin1@illinois.edu',2),('coleen_nguyen@yahoo.com',10),('apdfreeman@yahoo.com',2),('angelikalovesyoubabyboo@yahoo.',0),('jannat_saxena@yahoo.com',4),('abarton408@gmail.com',2),('Jellybeans088@yahoo.com',1),('entity0@live.com',2),('yep_its_christina@yahoo.com',5),('yiannie@ymail.com',6),('joncont94@yahoo.com',2),('chimechime123@yahoo.com',8),('ian.gray11@yahoo.com',4),('ianharvel@gmail.com',5),('sidarth_s39@yahoo.com',14),('ttran3894@yahoo.com',2),('Amerthetanman@hotmail.com',2),('notracyngo@gmail.com',3),('dianatsang2000@gmail.com',3),('willyyi@ymail.com',3),('gregory_grattan@yahoo.com',2),('srimank95@gmail.com',0),('polish_cows@yahoo.com',5),('lala@lala.com',2),('bialowas3@aol.com',2),('ds93math@gmail.com',4),('zztop@gmail.com',7),('morganfgdsjk@yahoo.copm',4),('kaylan.madson@yahoo.com',3),('jazzy.kim11@gmail.com',0),('hot_chocolate949@yahoo.com',0),('mhalluin17@aol.com',2),('janinnneeeishere@aim.com',3),('rhox113@gmail.com',1),('bbjrgs@yahoo.com',1),('anderson@gmail.com',10),('alejandro@aol.com',3),('ellerella@yahoo.com',4),('athleticcutie21@aol.com',1),('itskathyvoyo@yahoo.com',2),('q@yahoo.com',5),('ella.joe@gmail.com',5),('ari0s94@yahoo.com',0),('emilyliisi@yahoo.com',4),('sfdgfd@aol.com',2),('cameron.e.baker@gmail.com',5),('kmitrick@yahoo.com',5),('timothy.a.eldridge@gmail.com',3),('megabenxzero@yahoo.com',6),('vjujare@sbcglobal.net',2),('dianernguyen@gmail.com',2),('madisonvlay@gmail.com',1),('Kuzie42@gmail.com',6),('iluvedwardcullen14@yahoo.com',10),('gleeonthemind@gmail.com',4),('sarahhong20@hotmail.co.kr',1),('indianpride4ever@gmail.com',4),('nishimura@gmail.com',3),('boss@gmail.com',9),('pdg@yahoo.com',6),('mmichhelllee@yahoo.com',9),('lilaznfunnykid@yahoo.com',3),('kerryjthompson@sbcglobal.net',1),('bonbon2194@gmail.com',0),('ann.belcastro@yahoo.com',3),('pg8405@yahoo.com',3),('shadeh@sbcglobal.net',3),('thatsalvintoyou@gmail.com',1),('macattack10@gmail.com',5),('doubletower_marsh440@hotmail.c',0),('diginate01@yahoo.com',2),('perlin1@illinois.edu',2),('xugao0131@hotamil.com',0);
/*!40000 ALTER TABLE `Checkins` ENABLE KEYS */;
UNLOCK TABLES;

--
-- Table structure for table `Location`
--

DROP TABLE IF EXISTS `Location`;
/*!40101 SET @saved_cs_client     = @@character_set_client */;
/*!40101 SET character_set_client = utf8 */;
CREATE TABLE `Location` (
  `Count` int(20) default '1',
  `Name` varchar(100) NOT NULL default '',
  PRIMARY KEY  (`Name`)
) ENGINE=MyISAM DEFAULT CHARSET=latin1;
/*!40101 SET character_set_client = @saved_cs_client */;

--
-- Dumping data for table `Location`
--

LOCK TABLES `Location` WRITE;
/*!40000 ALTER TABLE `Location` DISABLE KEYS */;
INSERT INTO `Location` (`Count`, `Name`) VALUES (1,'Graduate Library, Urbana, IL'),(1,'Krakow, Poland'),(2,'Indiana University, Bloomington, IN'),(1,'Saratoga, CA'),(0,'Byron, IL'),(4,'San Jose, CA'),(0,'Qqq First Staffing, Mesquite, TX'),(1,'Ocean Beach, San Diego, CA'),(1,'Main Quad, Urbana, IL'),(1,'Los Angeles, CA'),(1,'Loomis Laboratory, Urbana, IL, United States'),(1,'Licking, OH'),(1,'Lexington, KY 40508'),(6,'Siebel Center for Computer Science, North Goodwin Avenue, Urbana, IL'),(2,'Morrow Plots, South Goodwin Avenue, Urbana, IL'),(1,'Champaign, IL'),(2,'University of Illinois, Champaign, IL'),(2,'Urbana, IL'),(61,'Westmont High School, San Jose, CA'),(1,'Westmont, IL'),(2,'Yankees Stadium, East 161st Street, Bronx, NY'),(1,'Your Mom, South Drake Road, Kalamazoo, MI'),(1,'Fucking, Austria'),(1,'Fuckersberg, Österreich'),(1,'Darfur, Jeddah, Saudi Arabia'),(4,'Campbell, CA'),(1,'Bowling Green, KY'),(1,'Blahová, Slovakia'),(1,'58 East Green Street, Champaign, IL'),(1,'5215 Old Orchard Road, Skokie, IL'),(1,'105 East Armory Avenue, Champaign, IL'),(1,'101 East Green Street, Champaign, IL'),(1,'1009 East 57th Street, Chicago, IL'),(1,'Westmont High School, Westmont, IL');
/*!40000 ALTER TABLE `Location` ENABLE KEYS */;
UNLOCK TABLES;

--
-- Table structure for table `Rankings`
--

DROP TABLE IF EXISTS `Rankings`;
/*!40101 SET @saved_cs_client     = @@character_set_client */;
/*!40101 SET character_set_client = utf8 */;
CREATE TABLE `Rankings` (
  `email` varchar(30) NOT NULL default '',
  `HomeTownPri` int(11) default NULL,
  `MoviePri` int(11) default NULL,
  `MusicPri` int(11) default NULL,
  `SportPri` int(11) default NULL,
  `MajorPri` int(11) default NULL,
  `HobbyPri` int(11) default NULL,
  `BookPri` int(11) default NULL,
  PRIMARY KEY  (`email`)
) ENGINE=MyISAM DEFAULT CHARSET=latin1;
/*!40101 SET character_set_client = @saved_cs_client */;

--
-- Dumping data for table `Rankings`
--

LOCK TABLES `Rankings` WRITE;
/*!40000 ALTER TABLE `Rankings` DISABLE KEYS */;
INSERT INTO `Rankings` (`email`, `HomeTownPri`, `MoviePri`, `MusicPri`, `SportPri`, `MajorPri`, `HobbyPri`, `BookPri`) VALUES ('rachael.weed@gmail.com',2,6,6,4,5,7,3),('smallsdc25@yahoo.com',1,7,6,5,1,3,3),('mvd7793@gmail.com',3,7,6,3,5,8,3),('herecomesjatin@yahoo.com',1,6,4,1,6,4,2),('johnnytwococks@yahoo.com',10,10,10,10,10,10,10),('m.vonkannon44@hotmail.com',10,8,8,8,1,7,1),('mayer18@illinois.edu',8,1,1,8,8,8,1),('chrisbrodecki@gmail.com',1,5,8,4,1,7,6),('Sean.A208@gmail.com',3,1,3,5,5,7,1),('jblin2@illinois.edu',3,5,6,5,6,6,1),('bhushan1@illinois.edu',10,5,6,8,4,7,1),('lolloginemail@gmail.com',1,5,10,5,1,8,6),('slick2@illinois.edu',1,7,7,5,5,5,5),('jonathan.r.weisman@gmail.com',2,5,6,5,4,8,3),('jperlin18@gmail.com',6,5,7,4,8,8,2),('zerlure@gmail.com',1,9,8,3,6,9,4),('jbailey2010@gmail.com',8,7,7,6,8,6,2),('matthewrmcgill@gmail.com',1,5,7,8,1,4,1),('read.nelly@gmail.com',5,8,7,5,5,8,6),('ask994@gmail.com',5,1,1,5,5,8,1),('jeserni1@illinois.edu',1,5,1,1,1,5,1),('mesteans@yahoo.com',1,7,4,1,7,10,1),('c_higgins3@hotmail.com',5,8,9,9,7,8,1),('sgmoti@yahoo.com',1,5,6,10,3,3,1),('bmortell27@gmail.com',5,7,7,6,3,8,2),('crmcint2@illinois.edu',1,1,1,1,1,10,1),('veronnnniica@gmail.com',1,1,1,1,1,1,1),('hbollma2@illinois.edu',1,8,8,5,1,6,1),('elbrento584@gmail.com',1,5,5,5,1,8,1),('dfsa@fsf.com',10,10,10,10,10,10,10),('sjacobs@gmail.com',8,6,9,3,5,6,5),('',1,5,3,6,8,8,3),('macase14@transy.edu',1,8,8,1,7,1,1),('m.witthaus@yahoo.com',6,2,2,4,1,2,1),('ccerte2@illinois.edu',3,7,7,3,3,7,5),('lkperlin@aol.com',5,4,6,4,1,1,3),('kathleenrguzy@gmail.com',1,8,8,5,3,7,5),('gabriel94slabo@yahoo.com',6,5,6,5,6,7,6),('adamheld68@hotmail.com',5,7,3,3,1,7,1),('mike.van.popering@gmail.com',1,4,7,3,1,7,1),('medeck@cox.net',1,5,5,7,8,7,3),('polmans1@illinois.edu',1,5,1,1,1,6,1),('jacobhall4@yahoo.com',1,5,8,4,1,5,3),('nick.fregeau@yahoo.com',1,2,6,6,1,6,4),('sagupta2@illinois.edu',10,6,5,10,7,9,2),('kuhleme2@illinois.edu',2,5,7,4,5,7,3),('abcd@gmail.com',2,4,1,3,8,8,3),('aabjan2@illinois.edu',7,8,5,7,8,7,1),('redding3@illinois.edu',6,7,8,7,5,8,4),('jjgronk@yahoo.com',5,5,8,5,3,5,1),('rachelswanson119@yahoo.com',2,5,5,2,2,5,2),('svihla1@illinois.edu',1,5,5,9,1,5,6),('surbhicj@gmail.com',1,4,6,5,7,8,5),('VRED93@gmail.com',1,8,5,8,2,10,6),('webb13@illinois.edu',1,4,2,6,7,6,1),('clinicalawesomeness@live.com',1,1,1,1,1,1,1),('bwassie@mit.edu',1,1,1,1,1,1,1),('tharwan1@illinois.edu',5,6,9,6,5,1,4),('steans2@illinois.edu',1,7,7,1,3,8,5),('fernand4@illinois.edu',1,1,1,1,7,1,1),('Kauffma4@illinois.edu',1,5,5,5,6,8,5),('walter18@illinois.edu',2,3,1,3,4,5,2),('mdasgup2@illinois.edu',5,5,5,5,5,5,5),('perlin@perlin.edu',5,10,1,3,6,2,6),('anman1292@gmail.com',1,5,5,5,1,1,1),('haleyjohnson92@yahoo.com',5,8,6,8,1,9,7),('dbiddle2011@gmail.com',5,3,6,1,1,4,3),('ZacBailey@gmail.com',10,10,10,10,1,10,10),('adam.jabs@gmail.com',7,5,5,5,1,5,3),('bhagwat4@illinois.edu',5,5,5,4,5,5,5),('hornej10@gmail.com',7,5,8,1,1,7,8),('darryl_drangleroots@gmail.com',2,2,2,2,2,2,2),('casswarning@gmail.com',1,1,1,1,1,1,1),('RicketyCricket@aburns.us',1,1,5,10,10,1,1),('asilsniknej@yahoo.com',1,5,7,3,1,8,6),('ianbob4@yahoo.com',7,7,7,1,7,7,7),('sandhya_g@yahoo.com',5,5,5,2,1,8,3),('spowell0062@gmail.com',1,7,8,5,1,10,1),('blackkeys@gmail.com',4,7,3,4,3,6,7),('mills16@illinois.edu',1,1,1,1,1,1,1),('binjraj1@illinois.edu',5,8,5,10,4,1,5),('kanishkg@gmail.com',1,1,1,1,1,1,1),('boobs@gmail.com',6,4,10,7,4,5,10),('banderson@cuhsd.org',10,1,3,1,1,3,1),('xia_irena@yahoo.com',1,7,9,7,2,7,6),('ianwyrick@gmail.com',1,2,8,9,7,10,1),('ishterrence@hotmail.com',9,7,7,7,5,9,5),('pielord1@gmail.com',1,1,1,1,1,1,1),('yummyfruits@yahoo.com',6,7,9,9,3,9,4),('punmaestro@gmail.com',5,5,5,5,5,5,5),('glowuptheball@yahoo.com',1,5,1,1,1,6,1),('nicolenncoco@gmail.com',1,1,1,1,1,1,1),('nedned91243@yahoo.com',1,1,1,1,1,1,1),('asdd@gmail.com',1,1,5,1,1,10,5),('Zythous@gmail.com',5,3,5,1,1,7,1),('omaro715@yahoo.com',8,5,5,10,10,10,4),('d_tao928@yahoo.com',1,5,3,5,1,5,1),('jmontoya@mail.com',1,1,1,1,5,1,1),('sexyanduknowit@yahoo.com',4,7,5,8,4,8,1),('SrimanCurry@Yahoo.com',1,5,1,5,1,5,1),('mmgogreengirl@gmail.com',5,5,5,5,5,5,5),('STRhuntrFLUFFY@gmail.com',5,5,5,5,5,4,5),('bobby@yahoo.com',6,8,8,8,4,4,1),('dregrarland@yahoo.com',1,5,6,5,4,5,1),('Sushi.Noodles@yahoo.com',1,1,1,5,1,5,1),('jackiegleason@gmail.com',3,5,4,7,8,6,5),('shawn.cosmos@att.net',1,1,1,1,1,1,1),('mselene@yahoo.com',5,6,5,5,2,3,3),('husk_orn15@yahoo.com',5,7,9,7,6,10,3),('srimank@gmail.com',1,2,3,4,5,6,7),('emerymontelibano@yahoo.com',4,1,5,5,3,1,1),('asd@yahoo.com',1,1,1,1,1,1,1),('mcamich@gmail.com',10,10,10,10,1,10,10),('paymon64@gmail.com',5,9,8,3,1,8,1),('gublermark@gmail.com',1,1,1,1,1,1,1),('lucasshield@gmail.com',10,10,10,10,5,10,10),('patrick95117@gmail.com',8,7,6,5,5,8,5),('tennisdude8@gmail.com',5,5,5,7,1,5,3),('joshuaseveri@gmail.com',5,7,7,7,3,5,1),('qwertasdqwert@yahoo.com',5,8,7,5,4,6,1),('anubis57@ymail.com',5,7,7,10,1,5,1),('william.yang@sbcglobal.net',1,5,5,8,2,7,4),('vyfly2000@yahoo.com',1,5,3,1,1,2,5),('behn.dohvor25@gmail.com',10,10,10,10,10,10,10),('Dantron97@yahoo.com',1,1,5,1,8,8,4),('henry.rosas@ymail.com',5,6,7,8,7,9,6),('mckenzie38@comcast.net',10,10,10,10,10,10,10),('loi.nguyen3999@yahoo.com',4,4,4,4,5,6,7),('evoreld@yahoo.com',3,3,3,3,3,5,3),('mcdo.matt@yahoo.com',8,6,8,6,5,9,1),('sunnymohan61@yahoo.com',10,9,10,10,8,9,8),('haesfaeha@gmail.com',3,9,10,8,2,7,2),('screwup13@gmail.com',5,4,4,4,3,4,1),('dacatabay@gmail.com',8,3,4,2,8,7,4),('bob@gmail.com',10,10,10,10,1,10,10),('maimophantomhive@gmail.com',5,5,3,1,8,8,5),('adammatsui@gmail.com',5,5,5,5,5,5,5),('kapwetra@gmail.com',6,4,5,7,1,7,1),('tuesday@gmail.com',1,2,3,4,10,5,6),('judd_bernardo@yahoo.com',10,8,5,7,0,5,7),('l.joshatron@gmail.com',1,1,5,5,1,1,1),('a_dude_hunk@yahoo.com',10,10,10,10,10,10,10),('Foxxx@yahoo.com',8,7,8,10,2,5,2),('srmeyer2@illinois.edu',8,5,8,5,5,5,5),('paymon69@gmail.com',10,10,10,10,10,10,10),('coleen_nguyen@yahoo.com',1,1,1,1,1,1,1),('Android@gmail.com',1,1,1,1,1,1,1),('angelikalovesyoubabyboo@yahoo.',5,5,9,5,5,8,1),('abarton408@gmail.com',7,5,1,8,4,7,1),('apdfreeman@yahoo.com',7,7,7,6,8,6,3),('yep_its_christina@yahoo.com',7,1,1,4,1,5,1),('sidarth_s39@yahoo.com',10,10,10,10,1,10,10),('jannat_saxena@yahoo.com',5,10,5,1,1,7,1),('entity0@live.com',1,4,7,1,1,8,1),('chimechime123@yahoo.com',5,5,8,5,7,7,8),('joncont94@yahoo.com',2,4,2,3,7,8,2),('ian.gray11@yahoo.com',1,7,7,8,1,7,1),('yiannie@ymail.com',1,1,1,1,1,1,1),('Jellybeans088@yahoo.com',7,8,9,8,8,9,9),('ianharvel@gmail.com',5,3,6,8,8,4,1),('Amerthetanman@hotmail.com',1,1,1,1,1,1,1),('srimank95@gmail.com',1,1,1,1,1,1,1),('willyyi@ymail.com',1,1,1,1,1,1,1),('ttran3894@yahoo.com',7,5,6,2,1,8,3),('notracyngo@gmail.com',1,1,1,1,1,1,1),('dianatsang2000@gmail.com',5,3,3,7,7,8,1),('gregory_grattan@yahoo.com',1,5,3,5,3,7,1),('polish_cows@yahoo.com',5,5,7,5,1,8,1),('lala@lala.com',2,3,8,1,3,8,5),('bialowas3@aol.com',1,5,5,5,1,8,1),('anderson@gmail.com',5,4,3,4,3,4,3),('zztop@gmail.com',5,5,5,6,7,8,3),('rhox113@gmail.com',1,1,1,1,1,1,1),('morganfgdsjk@yahoo.copm',8,6,5,8,1,7,1),('hot_chocolate949@yahoo.com',1,1,1,1,1,1,1),('athleticcutie21@aol.com',1,1,1,1,1,1,1),('ds93math@gmail.com',1,1,3,1,1,5,3),('kaylan.madson@yahoo.com',10,6,6,8,5,6,2),('janinnneeeishere@aim.com',1,2,9,1,1,1,1),('jazzy.kim11@gmail.com',1,1,1,1,1,1,1),('alejandro@aol.com',5,2,2,4,5,7,2),('q@yahoo.com',3,5,5,5,5,5,5),('bbjrgs@yahoo.com',5,7,1,8,4,8,1),('mhalluin17@aol.com',1,7,7,10,1,5,5),('ari0s94@yahoo.com',1,1,1,1,1,1,1),('itskathyvoyo@yahoo.com',3,5,3,5,1,4,1),('ellerella@yahoo.com',1,4,4,6,6,9,2),('ella.joe@gmail.com',7,7,7,5,1,4,1),('emilyliisi@yahoo.com',5,4,4,4,1,7,1),('sfdgfd@aol.com',5,1,1,1,1,1,1),('cameron.e.baker@gmail.com',5,7,5,8,1,7,5),('kmitrick@yahoo.com',1,5,9,1,1,8,3),('indianpride4ever@gmail.com',8,6,4,1,3,4,1),('megabenxzero@yahoo.com',6,8,8,9,10,10,6),('iluvedwardcullen14@yahoo.com',5,5,5,5,1,10,1),('timothy.a.eldridge@gmail.com',3,8,7,3,1,7,2),('gleeonthemind@gmail.com',5,9,9,5,5,8,7),('vjujare@sbcglobal.net',1,9,9,9,9,9,9),('dianernguyen@gmail.com',1,9,9,1,1,5,1),('sarahhong20@hotmail.co.kr',9,5,5,5,6,6,6),('boss@gmail.com',5,5,5,5,5,5,5),('nishimura@gmail.com',5,7,7,3,8,10,10),('Kuzie42@gmail.com',7,9,9,5,7,9,7),('pdg@yahoo.com',10,10,10,10,2,10,10),('lilaznfunnykid@yahoo.com',7,7,10,6,5,7,3),('kerryjthompson@sbcglobal.net',3,5,4,7,5,8,5),('madisonvlay@gmail.com',5,3,3,4,1,7,1),('bonbon2194@gmail.com',5,5,7,4,2,5,1),('pg8405@yahoo.com',1,1,1,1,10,10,1),('mmichhelllee@yahoo.com',1,1,1,1,0,1,1),('thatsalvintoyou@gmail.com',5,3,3,10,3,8,1),('shadeh@sbcglobal.net',2,5,5,6,6,7,4),('ann.belcastro@yahoo.com',5,6,5,3,3,6,1),('macattack10@gmail.com',3,5,5,5,1,6,3),('diginate01@yahoo.com',1,1,1,1,1,1,1),('perlin1@illinois.edu',8,7,7,10,10,7,2);
/*!40000 ALTER TABLE `Rankings` ENABLE KEYS */;
UNLOCK TABLES;

--
-- Table structure for table `USERS`
--

DROP TABLE IF EXISTS `USERS`;
/*!40101 SET @saved_cs_client     = @@character_set_client */;
/*!40101 SET character_set_client = utf8 */;
CREATE TABLE `USERS` (
  `email` varchar(50) NOT NULL default '',
  `password` varchar(50) NOT NULL,
  `fname` varchar(50) NOT NULL,
  `lname` varchar(50) NOT NULL,
  `bMonth` varchar(20) default NULL,
  `bDay` int(11) default NULL,
  `bYear` int(11) default NULL,
  `HomeState` varchar(255) default NULL,
  `HomeCity` varchar(255) default NULL,
  `Movies1` varchar(255) default NULL,
  `Movies2` varchar(255) default NULL,
  `Movies3` varchar(255) default NULL,
  `Music1` varchar(255) default NULL,
  `Music2` varchar(255) default NULL,
  `Music3` varchar(255) default NULL,
  `Sports1` varchar(255) default NULL,
  `Sports2` varchar(255) default NULL,
  `Sports3` varchar(255) default NULL,
  `Major` varchar(255) default NULL,
  `MajorSchool` varchar(255) default NULL,
  `Hobbies1` varchar(255) default NULL,
  `Hobbies2` varchar(255) default NULL,
  `Hobbies3` varchar(255) default NULL,
  `Book1` varchar(255) default NULL,
  `Book2` varchar(255) default NULL,
  `Book3` varchar(255) default NULL,
  `gender` varchar(50) default NULL,
  `pic_url` varchar(50) default NULL,
  `checkin` varchar(50) default NULL,
  PRIMARY KEY  (`email`)
) ENGINE=MyISAM DEFAULT CHARSET=latin1;
/*!40101 SET character_set_client = @saved_cs_client */;

--
-- Dumping data for table `USERS`
--

LOCK TABLES `USERS` WRITE;
/*!40000 ALTER TABLE `USERS` DISABLE KEYS */;
INSERT INTO `USERS` (`email`, `password`, `fname`, `lname`, `bMonth`, `bDay`, `bYear`, `HomeState`, `HomeCity`, `Movies1`, `Movies2`, `Movies3`, `Music1`, `Music2`, `Music3`, `Sports1`, `Sports2`, `Sports3`, `Major`, `MajorSchool`, `Hobbies1`, `Hobbies2`, `Hobbies3`, `Book1`, `Book2`, `Book3`, `gender`, `pic_url`, `checkin`) VALUES ('smallsdc25@yahoo.com','cc2d9a3f6763411abb8a1e12ed39b1b5','Dan','Carvill','05',25,1993,'Illinois','Grayslake','Action/Adventure','Comedy','Sci/Fi Fantasy','Hip-Hop/Rap','Alternative','Rock','Baseball','Basketball','Football','Computer Science','Engineering','Sports','Video Games','TV/Movies','Action/Adventure','SciFi/Fantasy','','M',NULL,'Champaign, IL'),('mvd7793@gmail.com','db5ccefe48224627591a7ac7ca35aee7','Matthew','Dierker','07',7,1993,'Texas','Sugar LAnd','Action/Adventure','Comedy','Sci/Fi Fantasy','80\'s/90\'s','Pop','Rock','Football','','','Computer Science','Engineering','Video Games','Friends','Clubs/Organizations','Action/Adventure','Comedy','SciFi/Fantasy','M','images/1334208288.jpg',NULL),('herecomesjatin@yahoo.com','7c2185829dec00628b47b7575d53816f','Jatin','Pandey','09',7,1992,'','Sharjah','Action/Adventure','Comedy','Sci/Fi Fantasy','Pop','Rock','Metal','Soccer','','','Computer Science','Engineering','TV/Movies','Music','Clubs/Organizations','Comedy','SciFi/Fantasy','','M',NULL,NULL),('m.vonkannon44@hotmail.com','38c0c49c2ead9f9ce977fb887d976c8c','Melissa','Von Kannon','12',2,1991,'Illinois','Abingdon','Scary/Horror','','','Country','','','Basketball','','','Animal Science','ACES','Sports','Exercise','Friends','Comedy','','','F',NULL,NULL),('johnnytwococks@yahoo.com','16ac20c70d11a80ffeca133f9d3b7687','Johnny','TwoCocks','01',1,1985,'Russia','Springfield','Romance','','','Hip-Hop/Rap','','','Swim','','','Voleyball','Electioneering','Friends','','','Thriller','','','M',NULL,NULL),('veronnnniica@gmail.com','85bd146c037d7dab00f73c3e46fe0871','Veronica','Mullen','01',1,1993,'Illinois','Hampshire','Action/Adventure','Scary/Horror','Comedy','Hip-Hop/Rap','Alternative','Rock','Baseball','Basketball','Football','Undecided','DGS','Friends','Music','Clubs/Organizations','Action/Adventure','Comedy','SciFi/Fantasy','F',NULL,NULL),('mayer18@illinois.edu','9decc8e6783ca9ca78d321698dea1c46','Jeff','Mayer','11',11,1991,'Illinois','Naperville','Action/Adventure','Thriller','Comedy','Oldies','80\'s/90\'s','','Baseball','Basketball','Football','Computer Engineering','Engineering','Sports','Friends','Clubs/Organizations','Action/Adventure','Comedy','Drama','M',NULL,NULL),('chrisbrodecki@gmail.com','b6a95bc65af7509ed3b446637110a337','Chris','Brodecki','03',21,1991,'Illinois','Palos Park','Action/Adventure','Thriller','Comedy','Oldies','Rock','Metal','Baseball','Basketball','Tennis','Accounting','Business','Video Games','Friends','Music','Action/Adventure','Thriller','SciFi/Fantasy','M',NULL,NULL),('griffit9@illinois.edu','bcb226b11cc65da3ac309a1dbac34cda','Cassie','Griffith','02',10,1991,'Il','Creve Coeur','Comedy','','','Pop','','','Basketball','','','Pychology','Las','Sports','Friends','Clubs/Organizations','Action/Adventure','Thriller','Scary/Horror','M',NULL,NULL),('Sean.A208@gmail.com','5ec4e7b4bac94231836dbf8c25bc1abe','Sean','Abraham','02',8,1992,'Illinois','Glenview','Action/Adventure','Comedy','','Hip-Hop/Rap','','','Basketball','Football','Voleyball','Computer Science','Engineering','Exercise','Video Games','Friends','Action/Adventure','','','M',NULL,NULL),('jblin2@illinois.edu','477ea60aac1d368cbf21d9c08a22b3d7','Jennifer','Lin','11',21,1992,'Illinois','Skokie','Action/Adventure','Romance','Comedy','Country','Hip-Hop/Rap','Pop','Baseball','Basketball','Voleyball','Mechanical Engineering','Engineering','Sports','Friends','Music','Action/Adventure','Romance','Drama','F',NULL,NULL),('jonathan.r.weisman@gmail.com','a83d501bab41bde6915dbb18c40b4168','Jon','Weisman','04',8,1991,'Ohio','Cincinnati','Comedy','','','Pop','Alternative','Rock','Football','Golf','Soccer','Chemical Engineering','Liberal Arts & Sciences','Friends','TV/Movies','','Comedy','','','M',NULL,NULL),('slick2@illinois.edu','3d99df52ce5345fcdaa7b5b748084085','Roy','Slick','10',7,1992,'Illinois','Byron','Action/Adventure','Comedy','Sci/Fi Fantasy','Oldies','80\'s/90\'s','Rock','Baseball','Football','','Chemical Engineering','LAS/Engineering','Video Games','Friends','TV/Movies','Action/Adventure','Comedy','SciFi/Fantasy','M',NULL,'Morrow Plots, South Goodwin Avenue, Urbana, IL'),('matthewrmcgill@gmail.com','e0d426482fc60e01a30b04e0d3bee1c4','Matthew','McGill','01',10,1993,'California','San Jose','Action/Adventure','Comedy','Sci/Fi Fantasy','80\'s/90\'s','Country','Hip-Hop/Rap','Baseball','Basketball','Soccer','Electrical Engineering','Cal Poly San Luis Obispo','Sports','Video Games','Friends','Comedy','SciFi/Fantasy','Drama','M',NULL,NULL),('Android@gmail.com','91a5a78576c9a1f09a64d64a290fecdc','asd','asd','01',1,1997,'asd','asd','Action/Adventure','','','80\'s/90\'s','','','Basketball','','','','','Video Games','','','Romance','','','M',NULL,'Byron, IL'),('jperlin18@gmail.com','54a9947d8292c4f9939c2e9686fdea28','Jonathan','Perlin','04',10,1991,'Illinoi','Skokie','Action/Adventure','Comedy','Drama','Oldies','80\'s/90\'s','Rock','Baseball','Basketball','Football','Engineering Physics','Engineering','Sports','Friends','Clubs/Organizations','Thriller','SciFi/Fantasy','Drama','M',NULL,'Loomis Laboratory, Urbana, IL, United States'),('zerlure@gmail.com','0be019f90be3f06711ae30f1ea18d2a9','Christian','Deck','02',15,1992,'Illinois','Byron','Comedy','Sci/Fi Fantasy','','80\'s/90\'s','R&B','Rock','Football','','','Computer Science','Engineering','Video Games','TV/Movies','','SciFi/Fantasy','','','M','images/1334159096.jpg','Siebel Center for Computer Science, North Goodwin '),('read.nelly@gmail.com','3f7c05fd92659350fa13f1e1a7cbbea3','Nelly','Read','08',7,1992,'Texas','Laredo','Action/Adventure','Scary/Horror','Comedy','80\'s/90\'s','R&B','Alternative','Football','Swim','','Psychology','LAS','Friends','Music','Clubs/Organizations','Action/Adventure','Scary/Horror','','F',NULL,NULL),('ask994@gmail.com','813ed3821645df435a0bdd7b98f0640c','Abhishek','Kher','01',1,1994,'California','Campbell','Thriller','Sci/Fi Fantasy','Drama','80\'s/90\'s','Hip-Hop/Rap','R&B','Basketball','Football','','Chemical Engineering','UC Santa Barabara','Sports','Friends','Clubs/Organizations','Drama','','','M',NULL,'Westmont High School, San Jose, CA'),('jbailey2010@gmail.com','c56b1883716906a5447f8ec64c7e9203','Jeff','Bailey','04',17,1992,'Ohio','Cincinnati','Romance','','','Hip-Hop/Rap','Alternative','Rock','Baseball','Football','Tennis','Computer Science','Engineering','Sports','Exercise','Friends','Romance','','','M',NULL,'Westmont High School, San Jose, CA'),('rachael.weed@gmail.com','f9ccfae3ec9f2841675a3e786a2cf4dc','Rachael','Weed','11',14,1991,'Illinois','Homewood','Thriller','Romance','Comedy','Hip-Hop/Rap','Pop','Alternative','Football','Track/Field','','Psychology','Liberal Arts and Sciences','Friends','TV/Movies','Music','Thriller','Drama','','F',NULL,'Urbana, IL'),('lolloginemail@gmail.com','e7fe828378c4233b83b00f99e0ead872','Eric','Rule','06',24,1993,'California','Campbell','Action/Adventure','Thriller','Scary/Horror','Country','Alternative','Rock','Golf','Soccer','Tennis','Electrical Engineering','Engineering','Sports','Video Games','Friends','Action/Adventure','Thriller','SciFi/Fantasy','M',NULL,NULL),('bhushan1@illinois.edu','3e379fd0def7f3e90b1fb29873af6734','Devin','Bhushan','04',30,1992,'California','Campbell','Action/Adventure','Thriller','Comedy','Hip-Hop/Rap','Alternative','Rock','Baseball','Football','Tennis','Computer Science','Engineering','Sports','Friends','Music','Thriller','','','M',NULL,'Westmont High School, Westmont, IL'),('jeserni1@illinois.edu','b41bd7224f9eefcbf9306289580b9b51','Julie','Jesernik','03',21,1991,'Illinois','Schaumburg','Comedy','','','Country','','','Baseball','','','Speech and Hearing Sciences','Applied Health Sciences','Clubs/Organizations','','','Romance','','','F',NULL,NULL),('c_higgins3@hotmail.com','f7a5644586b02ef6bd8b4e2d5a359e57','Christine','Higgins','06',6,1992,'CA','San Diego','Thriller','Comedy','Drama','Hip-Hop/Rap','Pop','Rock','Baseball','','','Management - Human Resources','Business','Sports','Friends','Music','Thriller','Comedy','Drama','F',NULL,'Ocean Beach, San Diego, CA'),('mesteans@yahoo.com','e7e4dbe5c430d704074747f76cca8b81','Marisa','S','08',26,1993,'Illinois','Chicago','Romance','Comedy','Sci/Fi Fantasy','Pop','Rock','','Soccer','Track/Field','','Computer Science','Engineering','Video Games','Friends','Clubs/Organizations','Romance','SciFi/Fantasy','Drama','F','images/1334210030.jpg',NULL),('sgmoti@yahoo.com','5b864d510c9cff12e7834737a1c4eac7','Swati','Goyal','03',18,1993,'Illinois','Morton Grove','Comedy','','','R&B','','','Basketball','','','MCB','LAS','Sports','Friends','Clubs/Organizations','Action/Adventure','Romance','Drama','F',NULL,NULL),('hbollma2@illinois.edu','77ebff28a018cbc29c8e2ca753e2004e','Hannah','Bollman','06',6,1993,'Illinois','East Dundee','Action/Adventure','Romance','Comedy','80\'s/90\'s','Country','Pop','Basketball','Football','Track/Field','Undeclared','Division of General Studies','Exercise','Friends','TV/Movies','Thriller','Romance','Comedy','F',NULL,NULL),('bmortell27@gmail.com','b84b30eec80e4c1d31e54caeba638376','Brian','Mortell','06',27,1991,'Illinois','Skokie','Action/Adventure','Comedy','Drama','Oldies','Alternative','Rock','Baseball','Football','Golf','Marketing/Management','Business','Sports','Friends','Clubs/Organizations','Action/Adventure','Thriller','Comedy','M',NULL,NULL),('crmcint2@illinois.edu','3fcfd8420ecfe6bf3546e4a5af2dedfa','Bruce','Wayne','02',19,1985,'New York','Gotham City','Action/Adventure','Scary/Horror','Drama','Oldies','','','Baseball','','','Economics','Business','Exercise','','','Action/Adventure','Scary/Horror','Drama','M',NULL,NULL),('elbrento584@gmail.com','285684bf3850db2cf24535bad8ed7a32','Brent','Walter','10',16,1991,'Illinois','Cary','Thriller','Comedy','Drama','Hip-Hop/Rap','Pop','Alternative','Baseball','Basketball','Soccer','Community Health','AHS','Friends','TV/Movies','Clubs/Organizations','Action/Adventure','','','M',NULL,NULL),('dfsa@fsf.com','d5ca72865769e5d89299f603db507855','awk','ward','12',31,1985,'fdsa','adfasdfsa','Sci/Fi Fantasy','','','Oldies','','','Voleyball','','','L','M','Friends','','','Action/Adventure','','','F',NULL,NULL),('chelenpointe11@aol.com','b0d7a1f679856571a644a359fbfaaa95','Rachel','Bessonny','08',11,1993,NULL,NULL,NULL,NULL,NULL,NULL,NULL,NULL,NULL,NULL,NULL,NULL,NULL,NULL,NULL,NULL,NULL,NULL,NULL,'F',NULL,NULL),('sjacobs@gmail.com','dff669cd2e9ee036affc3bc988714bdf','Sarah','Jacobs','10',12,1992,'california','campbell','Thriller','Romance','Comedy','Hip-Hop/Rap','Alternative','Rock','Baseball','Soccer','Swim','biology','santa clara university','Friends','TV/Movies','Music','Thriller','Comedy','SciFi/Fantasy','F',NULL,NULL),('macase14@transy.edu','aae86eb64b0ea5f6fa809fb79907aee3','Michael','Case','02',4,1992,'Kentucky','Elkton','Action/Adventure','Comedy','Drama','80\'s/90\'s','Alternative','Rock','Basketball','','','Political Science','Transylvania University','Friends','TV/Movies','Music','Drama','','','M',NULL,NULL),('m.witthaus@yahoo.com','8f3ec24b0ef32985722716f7e52f5c25','Miles','Witthaus','06',3,1992,'California','Campbell','Action/Adventure','Thriller','Comedy','Alternative','','','Baseball','Football','Voleyball','Economics','The College','Sports','Friends','Music','Drama','','','M',NULL,'1009 East 57th Street, Chicago, IL'),('ccerte2@illinois.edu','7864a2cf70af8c925a0b60830716e6b1','Camille','Certeza','03',30,1992,'Illinois','Lincolnwood','Action/Adventure','Comedy','Sci/Fi Fantasy','R&B','Pop','Alternative','Basketball','Soccer','Voleyball','Advertising','Media','Friends','TV/Movies','Clubs/Organizations','Action/Adventure','SciFi/Fantasy','Drama','F',NULL,NULL),('lkperlin@aol.com','d115fd6dbc8dfaf44be053c0b1423eb2','Linda','Perlin','03',21,1985,'Illinois','Skokie','Comedy','','','Oldies','Pop','','Baseball','Basketball','Football','Computer Science','Math','Exercise','Friends','TV/Movies','Romance','Comedy','','F',NULL,NULL),('kathleenrguzy@gmail.com','08c7d9416e388ac2cd479d4eae395a4b','Kathleen','Guzy','06',19,1990,'Illinois','Barrington','Comedy','Drama','','Pop','Rock','','Football','Golf','','Mathematical Sciences','Liberal Arts and Sciences','Exercise','Friends','Music','Comedy','','','F',NULL,NULL),('gabriel94slabo@yahoo.com','b08150a45185f6b2f4399e1180728cd9','Gabriel','Slabolepszy','04',28,1994,'','','Action/Adventure','Comedy','','Country','Hip-Hop/Rap','R&B','Basketball','Tennis','','criminal justice and law enforcement','','Friends','Music','Clubs/Organizations','Action/Adventure','Comedy','','M',NULL,'Westmont High School, San Jose, CA'),('richard@erisainc.com','4f191305f34ef1996ef0899aea85e1ca','Richard','Perlin','08',30,1985,'','','Action/Adventure','Comedy','','Oldies','R&B','Pop','Baseball','','','Mathematics','CAS','Exercise','Music','','Action/Adventure','','','M',NULL,'5215 Old Orchard Road, Skokie, IL'),('mike.van.popering@gmail.com','cb18f81d466201430f6ed185d7d58a8a','Michael','Van Popering','07',8,1993,'Illinois','Charleston','Scary/Horror','Comedy','','Oldies','Hip-Hop/Rap','Alternative','Basketball','Football','Soccer','Interdisciplinary Health','Applied Health Science','Sports','Video Games','Friends','Thriller','','','M','images/1334245453.jpg','University of Illinois, Champaign, IL'),('adamheld68@hotmail.com','f15467c5daceba24dc4cc6e5a4acfb74','Adam ','Held','01',10,1992,'Illinois','Charleston','Action/Adventure','Scary/Horror','Comedy','80\'s/90\'s','Country','Rock','Baseball','Basketball','Football','Integrative Biology','University of Illinois','Sports','Video Games','Friends','Action/Adventure','Thriller','Scary/Horror','M',NULL,NULL),('medeck@cox.net','be1f9f9d3ca0b52919b7e70dfcb12924','Mike','Deck','12',6,1985,'Arizona','Phoenix','Action/Adventure','Comedy','Sci/Fi Fantasy','Rock','Metal','','Baseball','Football','','Computer Science','Engineering','Video Games','TV/Movies','','Action/Adventure','','','M',NULL,NULL),('polmans1@illinois.edu','b553329c2987bd7bd4d32b341d32d48d','Elizabeth','Polmanski','04',23,1991,'Illinois','Glenview','Action/Adventure','Comedy','Drama','80\'s/90\'s','Alternative','','Football','Swim','Track/Field','News - Editorial Journalism','Media','Friends','TV/Movies','Clubs/Organizations','Action/Adventure','Romance','Comedy','F',NULL,NULL),('jacobhall4@yahoo.com','7dc5e233c0b923698e3e9459fa9579f6','Jake','Hall','03',4,1992,'Illinois','Flanagan','Thriller','Comedy','Sci/Fi Fantasy','Alternative','Rock','','Basketball','Football','','Economics','LAS','Exercise','Friends','Music','Thriller','SciFi/Fantasy','','M',NULL,'101 East Green Street, Champaign, IL'),('nick.fregeau@yahoo.com','eb5531ac79634d8e550a43dcadf3b8d7','Nick','Fregeau','07',10,1992,'Illinois','Westmont','Action/Adventure','Comedy','Sci/Fi Fantasy','Alternative','Rock','Metal','Baseball','Basketball','Soccer','Philosophy','Philosophy','Exercise','Friends','Music','Action/Adventure','Thriller','SciFi/Fantasy','M',NULL,'Westmont, IL'),('sagupta2@illinois.edu','a853a2459eafd1e3a8e876357121f7ac','Saagar','Gupta','04',10,1993,'IL','Morton Grove','Action/Adventure','','','Hip-Hop/Rap','','','Football','Soccer','Tennis','Accounting','University of Illinois','Sports','Exercise','Video Games','Action/Adventure','','','M',NULL,NULL),('kuhleme2@illinois.edu','6c00ef83682719490eb65d6f9fda5b31','Hillary','Kuhlemeier','06',12,1992,'Illinois','Pearl City','Romance','Comedy','Drama','Oldies','80\'s/90\'s','Alternative','Tennis','Track/Field','Voleyball','Mathematics','LAS ','Exercise','Friends','TV/Movies','Romance','Comedy','SciFi/Fantasy','F',NULL,NULL),('abcd@gmail.com','74bf32850af6020c7e1ee362808579b2','abcd','abcd','01',11,1992,'Illinois','chaaaaa','Thriller','','','80\'s/90\'s','','','Baseball','','','cs','usc','Video Games','','','Thriller','','','M',NULL,NULL),('aabjan2@illinois.edu','e7ee826c28eb253b6a63d35d53f4a360','Anila','Abjani','07',31,1991,'Illinois','Skokie','Action/Adventure','Romance','Comedy','80\'s/90\'s','Hip-Hop/Rap','Pop','Basketball','Football','','Integrative Biology','Literature and Art Sciences','Sports','Friends','Clubs/Organizations','Action/Adventure','SciFi/Fantasy','Drama','F',NULL,NULL),('redding3@illinois.edu','833af33a1245360337f63e85b2f62126','Jack','Redding','09',24,1990,'','','Action/Adventure','Comedy','Sci/Fi Fantasy','Oldies','Country','Rock','Baseball','Football','Voleyball','History','LAS','Friends','TV/Movies','Clubs/Organizations','Action/Adventure','Comedy','SciFi/Fantasy','M','images/1334259048.jpg',NULL),('jjgronk@yahoo.com','becdf020e18ab424315c210f2290185a','Jamie','Gronkowski','05',24,1992,'Illinois','Chicago','Thriller','','','Country','','','Football','','','i-Health','AHS','Friends','','','SciFi/Fantasy','','','F',NULL,NULL),('rachelswanson119@yahoo.com','d344f78771a6a94c57c57469a1c2bba2','Rachel','Swanson','02',10,1992,'Illinois','Palatine','Action/Adventure','Thriller','Comedy','Hip-Hop/Rap','Pop','Alternative','Football','Soccer','','Molecular and Cellular Biology','College of Liberal Arts and Sciences','Friends','Music','Clubs/Organizations','Action/Adventure','Thriller','Comedy','F',NULL,NULL),('svihla1@illinois.edu','65ccd70fe722b24128952b187c6922d4','Sam','Svihla','05',15,1992,'Illinois','Plainfield','Comedy','','','Pop','','','Baseball','Football','','Molecular And Cellular Biology','LAS','Sports','Exercise','Friends','Action/Adventure','Scary/Horror','Comedy','M',NULL,''),('surbhicj@gmail.com','2637b5c420bb6692f79800f1c6ea6d5a','Surbhi','Jain','07',27,1993,'Illinois','Staunton','Romance','Comedy','','Pop','','','Baseball','Soccer','','MCB','LAS','Exercise','Friends','Clubs/Organizations','Action/Adventure','Thriller','Comedy','F',NULL,NULL),('VRED93@gmail.com','4c9a33836dde8ca9c6de72bbdb52da63','Vikram','Reddy','02',4,1993,'Illinois','Hinsdale','Action/Adventure','Comedy','Drama','Hip-Hop/Rap','Pop','Rock','Basketball','Football','Soccer','Bioengineering','Engineering','Friends','TV/Movies','Clubs/Organizations','Action/Adventure','Drama','','M',NULL,NULL),('webb13@illinois.edu','18a871dbb24b26d98fe90f0be6f3f821','Emily','Webb','09',14,1991,'Illinois','Homewood','Scary/Horror','Romance','Comedy','R&B','Pop','Alternative','Baseball','Basketball','Football','Advertising','Media','Friends','TV/Movies','Music','Scary/Horror','Romance','Comedy','F',NULL,NULL),('clinicalawesomeness@live.com','943bdb0a342082bb9dc2d8d27585eab6','Hugh','Jazz','03',31,1993,'Illinois','Cornfield','Action/Adventure','Comedy','Sci/Fi Fantasy','Alternative','Rock','Metal','Basketball','Swim','Tennis','Troll','College of Lulz','Video Games','Friends','Music','Action/Adventure','Scary/Horror','SciFi/Fantasy','M','images/1334263003.jpg',NULL),('bwassie@mit.edu','87d02b8ab15f90d29cfb7554c8ee2a62','Brook','Wassie','07',21,1993,'CA','Campbell','Action/Adventure','Thriller','Scary/Horror','Oldies','80\'s/90\'s','Country','Baseball','Basketball','Football','Biological Engineering','','Sports','Exercise','Video Games','Action/Adventure','Thriller','Scary/Horror','M',NULL,'Cambridge, MA'),('tharwan1@illinois.edu','163d642eb0ab592b778d28d632dc017b','Natasha','Tharwani','06',3,1992,'Illinois','Glenview','Romance','Comedy','','Hip-Hop/Rap','R&B','Alternative','Basketball','','','Financial Planning','ACES','Friends','TV/Movies','Clubs/Organizations','Scary/Horror','Romance','','F','images/1334264306.jpg',NULL),('steans2@illinois.edu','9b3fcdbbb2d6f050a34393f428e85a3b','Melinda','Steans','08',26,1993,'Illinois','Chicago - Oak Park','Comedy','Sci/Fi Fantasy','Drama','Pop','Alternative','Rock','','','','Linguistics','UIUC','Video Games','Friends','Clubs/Organizations','Action/Adventure','SciFi/Fantasy','Drama','F',NULL,NULL),('Kauffma4@illinois.edu','420c15f98a9fc4ad8ec327f9ad17869e','Bob','Kauffman','07',20,1992,'Illinoia','Bloomington','Action/Adventure','Comedy','Sci/Fi Fantasy','80\'s/90\'s','Rock','','Football','','','Communication','Liberal Arts and Sciences','Sports','Friends','TV/Movies','Action/Adventure','','','M',NULL,NULL),('fernand4@illinois.edu','47b69c607170aab6ae81ed5f5908f5e7','Ajoy','Fernandes','07',11,1989,'Singapore','Singapore','Scary/Horror','Comedy','Sci/Fi Fantasy','Country','Pop','Rock','Soccer','Tennis','Volleyball','Computer Science ','Engineering','Exercise','Friends','TV/Movies','Action/Adventure','Thriller','Romance','M',NULL,NULL),('walter18@illinois.edu','5ec4e7b4bac94231836dbf8c25bc1abe','Alan','Walters','04',6,1992,'Illinois','Wayne','Action/Adventure','Comedy','Drama','Rock','','','Baseball','Football','Golf','Actuarial Science','Liberal Arts & Sciences','Sports','Exercise','Friends','Action/Adventure','Thriller','Drama','M',NULL,NULL),('mdasgup2@illinois.edu','eb8ac3078b461492cdf942b84848df68','Milan','Dasgupta','08',16,1993,'Illinois','Naperville','Action/Adventure','Comedy','Sci/Fi Fantasy','Hip-Hop/Rap','R&B','Pop','Football','Soccer','Swim','Computer Engineering','Engineering','Video Games','Friends','TV/Movies','Action/Adventure','Thriller','SciFi/Fantasy','M',NULL,NULL),('casswarning@gmail.com','9cf6c965c35d862e418b014afac5235c','Cassidy','Warning','05',31,1992,'Illinois','Seneca','Action/Adventure','Comedy','Sci/Fi Fantasy','Alternative','Rock','','Basketball','Football','Track/Field','Mechanical Engineering','Engineering','TV/Movies','','','','','','M',NULL,NULL),('ds93math@gmail.com','88f5e74d375c2ecbb6ad8cc0d391fa8a','David','Su','11',11,1993,'California','Westmont','','','','','','','','','','EECS','USMA West Point','Exercise','Video Games','Friends','Action/Adventure','SciFi/Fantasy','Drama','M',NULL,'Campbell, CA'),('anman1292@gmail.com','5aac520f658c8f9ba527c9d7c1419b98','Andrew ','Traughber','02',19,1992,'Kentucky','Lexington','Action/Adventure','Comedy','Documentary','80\'s/90\'s','Hip-Hop/Rap','Alternative','Basketball','Football','Soccer','Theater','Business','Video Games','Friends','Clubs/Organizations','Action/Adventure','Comedy','Non-Fiction','M',NULL,NULL),('haleyjohnson92@yahoo.com','2e637878c84c35615e643f9a670cd119','Haley','Johnson','05',13,1992,'Illinois','Elburn','Romance','Comedy','Drama','Oldies','Country','Alternative','Baseball','Basketball','Soccer','English','LAS','Sports','Friends','TV/Movies','Thriller','Romance','Comedy','F',NULL,NULL),('dbiddle2011@gmail.com','6edff70d049646275915767436e6432a','Dalton','Biddle','08',15,1993,'Kentucky','Cynthiana','Action/Adventure','Sci/Fi Fantasy','Documentary','Pop','Alternative','Rock','Basketball','Soccer','Track/Field','Computer Science','Transylvania University','Video Games','Friends','Music','SciFi/Fantasy','','','M',NULL,'Lexington, KY 40508'),('ZacBailey@gmail.com','bf3bb0a6d3df7f810132dda16d223585','Que\'shayda','Johnson','09',30,1990,'Ohio','Cincinnati','Action/Adventure','Thriller','Scary/Horror','Oldies','80\'s/90\'s','Country','Baseball','Basketball','Football','Economic Consulting, Management','Business','Sports','Exercise','Video Games','Action/Adventure','Thriller','Scary/Horror','M',NULL,'Indiana University, Bloomington, IN'),('adam.jabs@gmail.com','5ec4e7b4bac94231836dbf8c25bc1abe','Adam','Jabs','05',1,1989,'Illinois','Chicago','Action/Adventure','Romance','Comedy','80\'s/90\'s','Country','Pop','Golf','Soccer','Volleyball','Computer Engineering','Engineering','Video Games','Friends','TV/Movies','Action/Adventure','SciFi/Fantasy','Non-Fiction','M',NULL,'105 East Armory Avenue, Champaign, IL'),('bhagwat4@illinois.edu','a5e8ff43648d5aabda8ee9303c620a61','Sammit','Bhagwat','03',10,1992,'Il','Champaign','Comedy','Sci/Fi Fantasy','Drama','80\'s/90\'s','Country','Hip-Hop/Rap','Soccer','Swim','Tennis','Chemical Engineering','LAS','Exercise','Video Games','Friends','Action/Adventure','Thriller','Scary/Horror','M',NULL,NULL),('hornej10@gmail.com','7edb8c0b28948f050d73451456d6cf85','Jamie','Horne','08',14,1991,'Ohio','Dayton','Action/Adventure','Comedy','Sci/Fi Fantasy','Hip-Hop/Rap','Alternative','Rock','Baseball','Football','Golf','Information Systems','Business','Video Games','Friends','Clubs/Organizations','Action/Adventure','SciFi/Fantasy','Non-Fiction','M',NULL,'Main Quad, Urbana, IL'),('darryl_drangleroots@gmail.com','8ccd8b2551d8035ac91fb0f9aa44e93d','jim','drengus','01',1,1990,'chillinois','chillpaign','Thriller','Scary/Horror','Romance','Oldies','80\'s/90\'s','Country','Baseball','Basketball','Football','spagretti','CS','Friends','','','Action/Adventure','','','M',NULL,NULL),('RicketyCricket@aburns.us','7a172d2331ab2629dc41873fb10c9c9e','Rickety','Cricket','11',2,1990,'Illinois','Urbana','Action/Adventure','Comedy','Documentary','80\'s/90\'s','Alternative','Rock','Soccer','Tennis','Volleyball','Atmospheric Science','LAS','Sports','Video Games','Music','Thriller','Comedy','SciFi/Fantasy','M','images/1334349314.jpg','Graduate Library, Urbana, IL '),('asilsniknej@yahoo.com','5b8ae1d0ef88b0669d0e48a57919116d','Lisa','Jenkins','10',21,1991,'Missouri','Kansas City','Action/Adventure','Thriller','Sci/Fi Fantasy','80\'s/90\'s','Rock','Metal','Basketball','Swim','Volleyball','Computer Science','Carnegie Mellon','Video Games','Friends','Music','Scary/Horror','Romance','SciFi/Fantasy','F',NULL,NULL),('ianbob4@yahoo.com','d352ec823cf9bb62bc3e5b9b4069cf0a','Donatello ','Nipplesnatch','08',2,1991,'Ohio','Cincinnati','Action/Adventure','Thriller','Scary/Horror','Oldies','80\'s/90\'s','Country','Baseball','Basketball','Football','Business','Indiana University','Sports','Exercise','Video Games','Action/Adventure','Thriller','Scary/Horror','M',NULL,'Indiana University, Bloomington, IN'),('sandhya_g@yahoo.com','07954ca6031e000ab325faf670f0ee22','Sandhya','Gupta','10',23,1981,'California','Campbell','Action/Adventure','Thriller','Romance','Oldies','80\'s/90\'s','Hip-Hop/Rap','Baseball','Football','Golf','Economics','Business','Sports','Exercise','Friends','Action/Adventure','Thriller','Romance','M',NULL,'58 East Green Street, Champaign, IL'),('spowell0062@gmail.com','74c9a8552d49d4954569942097780f32','Seth','Powell','03',30,1992,'Kentucky','Elkton','Action/Adventure','Thriller','Scary/Horror','Alternative','Rock','Metal','Soccer','','','IT: Network Administration','Bowling Green Technical College','Sports','Friends','Music','Non-Fiction','','','M',NULL,'Bowling Green, KY'),('blackkeys@gmail.com','2ba4f13640576c171f8bc38884f7ae64','george','henry','01',1,1997,'illinois','barrington','Thriller','','','Hip-Hop/Rap','','','Basketball','','','','','Exercise','','','Thriller','','','M',NULL,'Siebel Center for Computer Science, North Goodwin '),('dperlin2@gmail.com','6e7747cb3743d5a47ec5fe0a5391419d','Danielle','Perlin','03',20,1988,NULL,NULL,NULL,NULL,NULL,NULL,NULL,NULL,NULL,NULL,NULL,NULL,NULL,NULL,NULL,NULL,NULL,NULL,NULL,'F',NULL,NULL),('mills16@illinois.edu','93bd30226b70c7f1c386e86e3cdbd7f3','Eric','Mills','08',26,1991,'Ildq','dssd','','','','','','','','','','','','','','','','','','M',NULL,'Siebel Center for Computer Science, North Goodwin '),('binjraj1@illinois.edu','11dbc6e955746f6c82d1f87b695528d2','Akash','Bin','02',26,1992,'WB','Kolkata','Action/Adventure','Romance','Comedy','Hip-Hop/Rap','R&B','Pop','Soccer','Tennis','','Computer Engineering ','Engineering','Sports','Friends','Clubs/Organizations','Action/Adventure','SciFi/Fantasy','','M',NULL,NULL),('kanishkg@gmail.com','7740909dc95d7937d46f0c86536c7806','Kanishk','Gupta','09',4,1992,'Delhi','New Delhi','Comedy','','','Alternative','','','Swim','','','Industrial Engineering','Engineering','TV/Movies','','','Non-Fiction','','','M',NULL,NULL),('boobs@gmail.com','f430f53e69ee950712918c42e4af130a','boobs','boobasauruas','01',1,1981,'cs','ca','Action/Adventure','','','80\'s/90\'s','','','Baseball','','','cs','csacac','Video Games','','','Action/Adventure','','','F',NULL,'Urbana, IL'),('banderson@cuhsd.org','8400279ab938d35d793d9c1a5ceb9c67','Bruce','Anderson','09',27,1997,'California','Campbell','','','','','','','Football','','','computer science','engineering','Sports','','','','','','M',NULL,'Westmont High School, San Jose, CA'),('ishterrence@hotmail.com','e4c23c8986f845566c0f2e1e06ce8c64','Terrence','Nguyen','10',22,1994,'California','Campbell','Action/Adventure','Thriller','Comedy','Hip-Hop/Rap','R&B','Pop','Basketball','Swim','Track/Field','Biology','Computer Engineering','Exercise','Video Games','Music','Action/Adventure','Romance','Comedy','M',NULL,'Westmont High School, San Jose, CA'),('xia_irena@yahoo.com','fc364016cd2750337da81555577e1e65','Irena','Xia','07',29,1996,'California','Campbell','Action/Adventure','Thriller','Sci/Fi Fantasy','Pop','Alternative','Rock','Tennis','','','','','Friends','TV/Movies','Music','Action/Adventure','Romance','SciFi/Fantasy','F',NULL,'Westmont High School, San Jose, CA'),('ianwyrick@gmail.com','349c9127fd90453bf8a56a128ce45a3d','Ian','Wyrick','06',7,1997,'','','Sci/Fi Fantasy','Drama','Documentary','Pop','Alternative','Rock','Soccer','','','Show Production','','Sports','Video Games','Friends','Action/Adventure','Thriller','SciFi/Fantasy','M',NULL,NULL),('RonPaul@gmailc.com','5ec4e7b4bac94231836dbf8c25bc1abe','Ron','Paul','02',31,1985,'Pennsylvania','Pittsburgh','Documentary','','','Oldies','Country','','Baseball','Football','Golf','Medicine','Gettysburg College','Exercise','TV/Movies','Clubs/Organizations','Non-Fiction','','','M','images/1334590285.jpg',NULL),('SrimanCurry@Yahoo.com','3a9ca8190b36f4bf07f424949d0ea413','Sriman','Curry','01',1,1995,'India','New Delhi','Action/Adventure','','','Oldies','','','Basketball','','','Chef','','TV/Movies','','','Action/Adventure','','','M',NULL,NULL),('STRhuntrFLUFFY@gmail.com','fd9f4e539888b236559f59e3773a56ce','STRhuntr','FLUFFY','02',8,1997,'California','San Jose','Action/Adventure','Thriller','Scary/Horror','Oldies','80\'s/90\'s','Hip-Hop/Rap','Football','Track/Field','Volleyball','singer','awkwardturtle college','Sports','Friends','Music','Action/Adventure','Thriller','Scary/Horror','M','images/1334590674.jpg',NULL),('nedned91243@yahoo.com','7fe24a7dc552cd2171300fad0b0b5c7d','Ned','WhatUwantGirl?','08',6,1981,'Alabama','UrMom','Thriller','Scary/Horror','Romance','Oldies','80\'s/90\'s','Country','Tennis','Track/Field','Volleyball','Proctology','Potato','TV/Movies','Music','Clubs/Organizations','Romance','Comedy','SciFi/Fantasy','M','images/1334590445.jpg',NULL),('yummyfruits@yahoo.com','5ec4e7b4bac94231836dbf8c25bc1abe','bob','fruits','05',4,1994,'California','Hollywood','','','','','','','','','','undeclared','undeclared','','','','','','','M',NULL,NULL),('sexyandiknowit@yahoo.com','5ec4e7b4bac94231836dbf8c25bc1abe','Jack','Tomato','11',28,1997,'california','san jose','Action/Adventure','Scary/Horror','Comedy','Country','Hip-Hop/Rap','Pop','Baseball','Football','Volleyball','computer science','engineering','Sports','Friends','TV/Movies','Thriller','Comedy','SciFi/Fantasy','M',NULL,NULL),('glowuptheball@yahoo.com','67fb1c7ab389e7314291f029a8d2f409','Bob','Bob','01',1,1990,'California','Campbell','Drama','','','','','','','','','hmmmmm','i wonder','','','','','','','M',NULL,NULL),('kjoon_hi@yahoo.com','7e8cf33683562f25fd9cdbc3f8a832b4','Joon','Kim','12',23,1996,NULL,NULL,NULL,NULL,NULL,NULL,NULL,NULL,NULL,NULL,NULL,NULL,NULL,NULL,NULL,NULL,NULL,NULL,NULL,'M',NULL,NULL),('omaro715@yahoo.com','270f631e379c3538d6a88bc7cd058155','Cristian ','Ortega','09',23,1995,'California','San Jose','Action/Adventure','Scary/Horror','Comedy','Oldies','80\'s/90\'s','Pop','Basketball','Football','Soccer','Software engineer',' Engineering','Sports','Video Games','Friends','Action/Adventure','Thriller','Scary/Horror','M','images/1334590549.jpg','Westmont High School, San Jose, CA'),('nicolenncoco@gmail.com','c7c925e004781e381a2f2d1a7bc102a2','Nicole','Nguyen','02',27,1997,'CA','Saratoga','','','','','','','','','','Computer Science','Engineering','','','','','','','F',NULL,NULL),('pielord1@gmail.com','24120232469da0a955fa07c28fce1760','bob','bobby','05',9,1994,'','','Action/Adventure','','','80\'s/90\'s','Rock','','Track/Field','','','','','Sports','Video Games','','Thriller','','','M',NULL,NULL),('kaiser537@yahoo.com','948412ca71de185ba6ab9691d857b967','Suq','Madiq','02',10,1994,NULL,NULL,NULL,NULL,NULL,NULL,NULL,NULL,NULL,NULL,NULL,NULL,NULL,NULL,NULL,NULL,NULL,NULL,NULL,'M',NULL,NULL),('Zythous@gmail.com','2db18199ab5a582a3fb7514786707e39','Jack','Daniels','12',12,1981,'','','','','','','','','','','','','','','','','','','','M',NULL,NULL),('bobby@yahoo.com','dfa4a473a0feb0df8a3e28102432444e','bob','bobby','04',16,1989,'California','Campbell','Action/Adventure','Thriller','Comedy','Oldies','Hip-Hop/Rap','Pop','Basketball','Football','Track/Field','medical','Stanford','Sports','Exercise','Friends','Action/Adventure','Comedy','Non-Fiction','M',NULL,NULL),('d_tao928@yahoo.com','9c8be90fa8cd6774520e786c9554bf6b','Steiner','Kim','06',5,1990,'California','San Jose','Action/Adventure','Thriller','Documentary','Alternative','Rock','Metal','Swim','Track/Field','','Kinesiology','Westmont High School','Sports','Exercise','Friends','Action/Adventure','Thriller','SciFi/Fantasy','M',NULL,'San Jose, CA'),('jmontoya@mail..com','084d667c0629c4369fb86cdea70d1a66','Bathsheba','Smith','03',31,1995,NULL,NULL,NULL,NULL,NULL,NULL,NULL,NULL,NULL,NULL,NULL,NULL,NULL,NULL,NULL,NULL,NULL,NULL,NULL,'M',NULL,NULL),('mmgogreengirl@gmail.com','e9c66fc0b2d3ac462e8ff39cfe5d232a','Billy','Bob','12',24,1982,'Kentucky','Greensburg','Sci/Fi Fantasy','','','Pop','','','Soccer','','','Engineering','Computer science','Music','','','Drama','','','M',NULL,NULL),('a@a.com','400236b477c43e9a20d8a23fdc470fa3','1','1','01',1,1997,NULL,NULL,NULL,NULL,NULL,NULL,NULL,NULL,NULL,NULL,NULL,NULL,NULL,NULL,NULL,NULL,NULL,NULL,NULL,'M',NULL,NULL),('dregrarland@yahoo.com','59d18179fa90613e0d8834430b6878c7','Andre Mother F***en','Jackson','10',8,1991,'California','Compton','Action/Adventure','Scary/Horror','Comedy','Hip-Hop/Rap','R&B','Pop','Basketball','Football','Track/Field','','','Sports','Exercise','Music','Action/Adventure','Comedy','Non-Fiction','M','images/1334590599.jpg',NULL),('jmontoya@mail.com','084d667c0629c4369fb86cdea70d1a66','Bat','Man','03',10,1981,'Gothem','Gothem','Comedy','Sci/Fi Fantasy','Drama','Country','','','Baseball','Basketball','Football','Show Production','Fullsail','Video Games','Friends','TV/Movies','','','','M',NULL,NULL),('sexyanduknowit@yahoo.com','5ec4e7b4bac94231836dbf8c25bc1abe','jack','tomato','07',30,1997,'California','san jose','Action/Adventure','Scary/Horror','Comedy','Country','Hip-Hop/Rap','Pop','Baseball','Football','Volleyball','computer science','engineering','Sports','Friends','TV/Movies','Thriller','Comedy','SciFi/Fantasy','M',NULL,NULL),('asdd@gmail.com','400236b477c43e9a20d8a23fdc470fa3','Philip','asdfghjkl','01',1,1997,'1','1','Thriller','','','Oldies','','','Baseball','','','2','2','Exercise','','','Scary/Horror','','','M',NULL,'Westmont High School, San Jose, CA'),('srimank@gmail.com','787a20a934dde40a0fca4213e95d8e3c','Korean','Jesus','12',25,1981,'China','Imagination Land','Action/Adventure','','','Oldies','','','','','','Jesus','Stanford (full Scholarship)','','','','','','','M',NULL,NULL),('shawn.cosmos@gmail.com','b88d1f3ca69d1e7e9f2942229ed30262','Lan','Hikari','10',1,1997,NULL,NULL,NULL,NULL,NULL,NULL,NULL,NULL,NULL,NULL,NULL,NULL,NULL,NULL,NULL,NULL,NULL,NULL,NULL,'M',NULL,NULL),('Sushi.Noodles@yahoo.com','ef1d1cac76edc116a8d43b74fd2344b5','Waka','FlockaFlame','01',1,1997,'California','Beverly Hills','','','','','','','Baseball','','','Computer Science','UCLA','','','','','','','M',NULL,NULL),('mselene@yahoo.com','4d6f152635fb0c7353f2b8254062c8df','Martha','Selene','06',21,1996,'Ca','san jose','','','','Metal','','','Baseball','','','Computer science','engineering','','','','','','','F',NULL,NULL),('jackiegleason@gmail.com','fe5df518ec7c36a69bda79f8bb27fd16','Jackie','Gleason','04',16,1996,'California','San Jose','Romance','','','','','','','','','Medicine','Engineering','','','','','','','M',NULL,NULL),('sooraj54321@gmail.com','e6118cdbd1ca18e0b148eb43b7a61002','Sooraj','Suresh','03',19,1997,NULL,NULL,NULL,NULL,NULL,NULL,NULL,NULL,NULL,NULL,NULL,NULL,NULL,NULL,NULL,NULL,NULL,NULL,NULL,'M',NULL,NULL),('husk_orn15@yahoo.com','4cff72274a84ae8c89f526e55d4936ad','Jose','Anthony ','08',31,1994,'','','Scary/Horror','Comedy','Sci/Fi Fantasy','Hip-Hop/Rap','R&B','Pop','Soccer','Tennis','Volleyball','engineering ','vegetarianism ','Exercise','Video Games','Music','Action/Adventure','Thriller','Non-Fiction','M',NULL,NULL),('emerymontelibano@yahoo.com','241e91060af864c19d6607f3e782c853','Lebron','Lebron','05',27,1995,'California','Los Gatos','Comedy','','','Hip-Hop/Rap','','','Baseball','Basketball','Football','Economics','Entrepernueal ','Sports','','','Action/Adventure','','','M',NULL,NULL),('shawn.cosmos@att.net','b88d1f3ca69d1e7e9f2942229ed30262','Lan','Hikari','10',1,1997,'Netopia','ACDC Town','','','','','','','','','','Virus Busting','Virus Busting','Clubs/Organizations','','','','','','M',NULL,NULL),('michelly2n@gmail.com','37d835c35f6427ea7d1b10ce80ecfd6b','Michelle','','11',9,1996,NULL,NULL,NULL,NULL,NULL,NULL,NULL,NULL,NULL,NULL,NULL,NULL,NULL,NULL,NULL,NULL,NULL,NULL,NULL,'F',NULL,NULL),('patrick95117@gmail.com','a38e9177f817c28b961f829568b0df5b','Patrick','Vu','04',4,1995,'CA','San Jose','Action/Adventure','Comedy','Sci/Fi Fantasy','Alternative','Rock','Metal','Basketball','Tennis','Track/Field','Computer Science','Engineering','Video Games','Friends','TV/Movies','Action/Adventure','Comedy','SciFi/Fantasy','M',NULL,'Westmont High School, San Jose, CA'),('asd@yahoo.com','5ec4e7b4bac94231836dbf8c25bc1abe','asdf','awdf','01',1,1997,'adf','asdf','Thriller','','','Country','','','Basketball','','','asdf','asdf','Video Games','','','Action/Adventure','','','M',NULL,'Yankees Stadium, East 161st Street, Bronx, NY'),('joshuaseveri@gmail.com','02187395a7389944304a6cec185b69cc','Joshua','Severi','05',9,1994,'California','Campbell','Scary/Horror','','','Metal','','','Baseball','','','Computer Science','West Valley','Video Games','','','Scary/Horror','','','M',NULL,'Westmont High School, San Jose, CA'),('oogle@yahoo.com','e44cd0a5ede9736a77d7aec3bc720ea5','poops','shanks','02',31,1995,'California','Saratoga','Romance','','','Alternative','','','Golf','','','n/a','n/a','Friends','','','Romance','','','M',NULL,'Westmont High School, San Jose, CA'),('mcdo.matt@yahoo.com','ce321ea5bfaf5bd6f7945fa2eab2d263','Matt','McDonald','07',2,1995,'California','Campbell','Action/Adventure','Comedy','Sci/Fi Fantasy','Hip-Hop/Rap','R&B','Pop','Basketball','Swim','Tennis','Computer Science','Engineering','Video Games','Friends','Music','Action/Adventure','Comedy','SciFi/Fantasy','M',NULL,'Los Angeles, CA'),('gublermark@gmail.com','a90cce54aad077ca6e9f71191158b219','bill','smith','01',1,1994,'California','Campbell','Action/Adventure','','','Oldies','','','Baseball','','','','','Sports','','','Action/Adventure','','','M',NULL,'Westmont High School, San Jose, CA'),('ariel.kaplunovsky@gmail.com','285f58ccfda70fcaadeec211c65a06e5','Ariel','Kaplunovsky','01',27,1997,NULL,NULL,NULL,NULL,NULL,NULL,NULL,NULL,NULL,NULL,NULL,NULL,NULL,NULL,NULL,NULL,NULL,NULL,NULL,'M',NULL,NULL),('henry.rosas@ymail.com','a7ecbd5d93ea3c1d302f8765326edc2e','WS','Dark','03',28,1996,'','San Jose','Action/Adventure','Thriller','Scary/Horror','Hip-Hop/Rap','Pop','Rock','Soccer','Track/Field','','','','Sports','Video Games','Music','Action/Adventure','Thriller','Scary/Horror','M',NULL,'Westmont High School, San Jose, CA'),('qwertasdqwert@yahoo.com','b8a7af8e6ebfb42b66e2961632a5465a','Dickie','Normous','10',18,1995,'Cali','Los Ghettos','Action/Adventure','Comedy','','Hip-Hop/Rap','R&B','','Basketball','Football','Soccer','I\'m in','Highschool','Sports','Video Games','Friends','Action/Adventure','Scary/Horror','','M','images/1334597049.jpg','Your Mom, South Drake Road, Kalamazoo, MI'),('dacatabay@gmail.com','ff8f646606965e86b18e9e61ef033b7a','Caitlyn','Catabay','08',25,1996,'CA','Saratoga','Romance','Comedy','Drama','Hip-Hop/Rap','R&B','Pop','Swim','Tennis','Track/Field','Medical','Medical','Video Games','Friends','Clubs/Organizations','Action/Adventure','Romance','Comedy','F',NULL,NULL),('anubis57@ymail.com','eb5fdaae4822edb328141f3295a4ac7c','andrew','demont','11',14,1993,'california','Campbell','Action/Adventure','','','Rock','','','Football','','','N/A','N/A','Sports','','','Action/Adventure','','','M',NULL,'Westmont High School, San Jose, CA'),('mcamich@gmail.com','e4d724f222231334af448315ab2f5fc3','John','Smith','02',24,1994,'California','Campbell','Action/Adventure','','','Rock','','','Football','','','your mom','your house','Friends','','','SciFi/Fantasy','','','M',NULL,'Westmont High School, San Jose, CA'),('william.yang@sbcglobal.net','1e2372be2d6c3032a0d2888b176dd529','Christian','Yang','11',27,1996,'California','San Jose','Action/Adventure','Comedy','Drama','Alternative','Rock','Metal','Basketball','Football','Track/Field','None','None','Sports','Friends','Music','Action/Adventure','Scary/Horror','Drama','M',NULL,'Westmont High School, San Jose, CA'),('mckenzie38@comcast.net','6daac8963dcc5f87329338be3844f078','John ','Footpenis','07',20,1985,'California','your moms house','Romance','','','Hip-Hop/Rap','','','Golf','','','Your MOM','University of your mom','Video Games','','','Action/Adventure','','','M','images/1334597140.jpg','Westmont High School, San Jose, CA'),('paymon64@gmail.com','fb3a9046880e313837051e549f1041c5','paymon','danapour','02',7,1995,'california','san jose','Comedy','','','Hip-Hop/Rap','','','Voleyball','','','','','Video Games','','','Comedy','','','M','images/1334596961.png','Westmont High School, San Jose, CA'),('tennisdude8@gmail.com','40dce4ccf17e546fa876a4e1fb0d613f','Nathan','Malone','08',14,1995,'California','Campbell','Action/Adventure','Comedy','Sci/Fi Fantasy','Hip-Hop/Rap','Alternative','Rock','Baseball','Basketball','Tennis','','','Sports','Exercise','Video Games','Action/Adventure','Thriller','SciFi/Fantasy','M',NULL,'Westmont High School, San Jose, CA'),('behn.dohvor25@gmail.com','961ab6664a65af83bad0f8f3f66b87e6','Behn','Dohvor','12',20,1981,'Konneticut','Ken','Action/Adventure','','','Alternative','','','Golf','','','Porn','Porn State','Clubs/Organizations','','','SciFi/Fantasy','','','M','images/1334598474.jpg','Blahová, Slovakia'),('maimophantomhive@gmail.com','7d65582345f7f0f74536aa50a59cfe65','Nichts','Napuz','02',24,1994,'California','Saratoga','Action/Adventure','Sci/Fi Fantasy','','Pop','','','Soccer','Swim','Tennis','','Engineering','Video Games','Friends','TV/Movies','Action/Adventure','SciFi/Fantasy','','M',NULL,'San Jose, CA'),('vyfly2000@yahoo.com','551cff5c7b9fb228a6ecff964ca635ac','andrew','gilchrist','01',30,1994,'CA','Saratoga','Action/Adventure','Comedy','','80\'s/90\'s','Rock','Metal','Soccer','Tennis','','','','Exercise','Video Games','Friends','Action/Adventure','Comedy','SciFi/Fantasy','M',NULL,'Saratoga, CA'),('Dantron97@yahoo.com','90c61a71f11ab6b479b3ff1cb2360aef','Daniel','S','06',24,1997,'california','San jose','','','','Rock','Metal','','Football','','','Computer science','','Video Games','Friends','','','','','M',NULL,'San Jose, CA'),('evoreld@yahoo.com','c08e8b28ec46c84543e352d44215f9a5','evgeniy','MIronenko','09',20,1994,'California','San Jose','Action/Adventure','Sci/Fi Fantasy','','Metal','','','Swim','Tennis','Voleyball','Computer Science','engineering','Video Games','Friends','','Action/Adventure','','','M',NULL,'Westmont High School, San Jose, CA'),('anonymouslife@rocketmail.com','05cd2d49a42bfb091427903cc55689f1','Steve','C','04',26,1995,'California','San Jose','Action/Adventure','Thriller','Comedy','Hip-Hop/Rap','Pop','Rock','Basketball','Football','','','','Sports','Friends','Clubs/Organizations','Action/Adventure','Thriller','Comedy','M',NULL,'Westmont High School, San Jose, CA'),('sunnymohan61@yahoo.com','1cf5806968e6f96786f176a861495d81','sunny','mohan','10',27,1993,'ca','san jose','Scary/Horror','','','Alternative','','','Football','','','engineering','','Video Games','','','Thriller','','','M',NULL,NULL),('haesfaeha@gmail.com','646a9b85c8cf01d54d1a0b2d5d9d9ff1','Rob','Star','03',8,1984,'California','Campbell','Thriller','Comedy','','Oldies','Alternative','Rock','Baseball','Golf','','Biology','U.C.L.A.','Exercise','Music','','Thriller','Scary/Horror','SciFi/Fantasy','M',NULL,'Westmont High School, San Jose, CA'),('bob@gmail.com','e2aacb47281cbd5af0264dc2fca02bbf','FUCK BITHCES','GET MONEY','01',1,1996,'california','campbell','Action/Adventure','Thriller','Scary/Horror','Oldies','80\'s/90\'s','Country','Baseball','Basketball','Football','high school','WESTMONT HIGH','Sports','Exercise','Video Games','Action/Adventure','Thriller','Scary/Horror','M',NULL,'Fuckersberg, Österreich'),('kapwetra@gmail.com','285f58ccfda70fcaadeec211c65a06e5','Ariel','Kaplunovsky','01',27,1997,'California','Campbell','','','','Rock','','','Basketball','Football','','Actuary','','Sports','Exercise','Video Games','Comedy','','','M','images/1334597383.jpg',NULL),('screwup13@gmail.com','9be16481c0f0efd3c82a2dea26040065','john','Smith','08',11,1997,'Ca','campbell','Scary/Horror','','','R&B','','','Soccer','','','Science','','Video Games','','','Romance','','','M','images/1334597196.jpg',NULL),('loi.nguyen3999@yahoo.com','6b615e19f0ca70a933f0c4c3c38103b6','Loi','Nguyen','04',1,1997,'california','san jose','Action/Adventure','','','Oldies','','','','','','','','Sports','','','','','','M',NULL,NULL),('tuesday@gmail.com','2b1148a1f0f2922bd2210cc860f6fef1','John','Doe','09',6,1981,'Solar System','Mars','Action/Adventure','Sci/Fi Fantasy','Documentary','Alternative','','','Soccer','Swim','Tennis','Pie','Pasties','Exercise','Video Games','Friends','Action/Adventure','SciFi/Fantasy','Non-Fiction','M',NULL,'Krakow, Poland'),('adammatsui@gmail.com','075be86f4fe41fdc173557399ce4e889','adam','matsui','05',11,1995,'california','campbell','Action/Adventure','Comedy','Documentary','Oldies','80\'s/90\'s','Metal','Swim','Track/Field','Volleyball','lolfkthis','toomuchwork','Sports','Exercise','Video Games','Comedy','SciFi/Fantasy','Non-Fiction','M',NULL,'Campbell, CA'),('judd_bernardo@yahoo.com','fb8554f4ba9e2990062a607c50639079','judd','bernardo','01',7,1997,'california','saratoga','Action/Adventure','','','Rock','','','Basketball','Football','Soccer','','','Video Games','TV/Movies','','Action/Adventure','Comedy','SciFi/Fantasy','M',NULL,NULL),('l.joshatron@gmail.com','9c192c4dfe23430e692eb962c4dce88d','Dakota','Sproch','12',7,1981,'Milky Way','Alpha Centauri','Action/Adventure','Comedy','Sci/Fi Fantasy','Oldies','80\'s/90\'s','Rock','Golf','Soccer','Tennis','antidisestablishmentarianism','pie','Sports','Video Games','Friends','Action/Adventure','Comedy','SciFi/Fantasy','M','images/1334597608.png','Darfur, Jeddah, Saudi Arabia'),('Foxxx@yahoo.com','5e11630e2a6da823e5b3116b6bb29bbc','Megan','Foxxx','02',14,1993,'California','Campbell','Action/Adventure','Thriller','Romance','Hip-Hop/Rap','R&B','Pop','Baseball','Basketball','Football','Acting','Hollywood University','Sports','Exercise','Video Games','SciFi/Fantasy','','','F','images/1334597796.jpg','Westmont High School, San Jose, CA'),('a_dude_hunk@yahoo.com','923a898efd405ed7a9df399eeb1ffd74','dude','hunk','10',30,1993,'ca','cambell','Thriller','','','Country','','','Baseball','','','computer science','','Exercise','','','Romance','','','M',NULL,NULL),('srmeyer2@illinois.edu','f8b399ccfd7d89853ff8854bf9536a63','Stephanie','Meyer','05',23,1993,'Illinois','Arlington Heights','Action/Adventure','Comedy','Documentary','80\'s/90\'s','Pop','Alternative','Baseball','Swim','Volleyball','Business','University of Illinois CU','TV/Movies','Music','Clubs/Organizations','Action/Adventure','Romance','Drama','F',NULL,NULL),('paymon69@gmail.com','60aa3e5b838004fc8b2926ccb6e9c50f','paymon','danapour','03',27,1981,'california','san jose','Action/Adventure','Thriller','Scary/Horror','Oldies','80\'s/90\'s','Country','Baseball','Basketball','Football','','','Sports','Exercise','Video Games','Action/Adventure','Thriller','Scary/Horror','M','images/1334599927.jpg','Westmont High School, San Jose, CA'),('jannat_saxena@yahoo.com','2ccd9fb09278ec80eb558b62f5ff83cd','Jannat','Saxena','10',16,1994,'CA','San Jose','Action/Adventure','Romance','Comedy','Hip-Hop/Rap','Pop','','','','','Industrial Design','Cal State Long Beach','Friends','TV/Movies','Clubs/Organizations','Action/Adventure','Romance','Comedy','F',NULL,'Westmont High School, San Jose, CA'),('apdfreeman@yahoo.com','b6fae4ffb584f15986d0ed08f400abb1','Ant','Free','12',22,1993,'California','Campbell','Action/Adventure','Thriller','Scary/Horror','Hip-Hop/Rap','Pop','Metal','Football','','','Business Administration and Management ','California State University, Chico','Exercise','Video Games','Friends','Action/Adventure','SciFi/Fantasy','','M',NULL,'Westmont High School, San Jose, CA'),('angelikalovesyoubabyboo@yahoo.com','c32003ef519e849a0ee50fe12f5e6dd7','Angelika','Hoeflich','01',23,1995,'California','Los Gatos','Thriller','Scary/Horror','Comedy','Country','Hip-Hop/Rap','Alternative','Swim','Track/Field','Volleyball','','','Exercise','Friends','Music','Scary/Horror','Comedy','Non-Fiction','F',NULL,NULL),('coleen_nguyen@yahoo.com','b82dfc3e81bee2ad9d4d332d5ca446df','Coleen','Nguyen','03',27,1995,'California','Campbell','Thriller','Scary/Horror','Comedy','Oldies','R&B','Alternative','Swim','Track/Field','Volleyball','','','Exercise','Friends','Music','Thriller','Scary/Horror','Romance','F',NULL,'Westmont High School, San Jose, CA'),('abarton408@gmail.com','1b53a015971706c865a3e1e909005583','Andrew','Barton','10',4,1993,'California','San Jose','Action/Adventure','Comedy','','Hip-Hop/Rap','Pop','Alternative','Volleyball','','','','','Sports','Video Games','Music','Action/Adventure','Scary/Horror','Comedy','M',NULL,NULL),('Jellybeans088@yahoo.com','f890f77cc7235c5904da4fc8094f22e6','Kim','Pham','11',29,1994,'California','Westmont High School','Action/Adventure','Romance','Comedy','Oldies','R&B','Pop','Soccer','Tennis','Volleyball','Business','','Friends','TV/Movies','Music','Action/Adventure','Romance','Comedy','F',NULL,NULL),('entity0@live.com','e2b19bc326d0d4941de9adba3e1b5072','Ryan','Lima','04',20,1994,'California','Campbell','Comedy','','','80\'s/90\'s','Rock','','','','','Video Game Design','UC Santa Cruz','Video Games','Friends','Music','Action/Adventure','Comedy','SciFi/Fantasy','M',NULL,'Westmont High School, San Jose, CA'),('lilsh0rt1e4eva@gmail.com','0880d2ae77d462dc68f3246bd9eddc8f','Christina','Winn','07',21,1994,'Westmont High School','','Action/Adventure','','','','','','','','','','','','','','','','','F',NULL,'Westmont High School, San Jose, CA'),('yiannie@ymail.com','db10309344d478497098b7d557d8fdc7','Annie','Yi','11',18,1994,'California','San Francisco','Sci/Fi Fantasy','','','','','','','','','','','','','','','','','F',NULL,'Westmont High School, San Jose, CA'),('joncont94@yahoo.com','094c894da291fb5a90595386cd0d8050','Jonathan','Contreras','09',15,1994,'California','Campbell','','','','','','','','','','Civil Engineering','San Jose State University','','','','','','','M',NULL,NULL),('chimechime123@yahoo.com','40b4a2313b6ac4c075c7985c4bad5b8f','Annie','Kirkland','02',6,1994,'Campbell','CA','Romance','Comedy','Sci/Fi Fantasy','Pop','Alternative','Rock','Tennis','','','Computer Science','Engineering','Video Games','Friends','TV/Movies','Action/Adventure','Thriller','Scary/Horror','F',NULL,'Westmont High School, San Jose, CA'),('ian.gray11@yahoo.com','61a4141dbb5aa1b136d685706d39fbfb','Ian','Gray','03',24,1994,'California','Campbell','Comedy','','','R&B','','','Football','','','Human Biology','UCSD','','','','Non-Fiction','','','M',NULL,'Westmont High School, San Jose, CA'),('ianharvel@gmail.com','f33ae496a5907a2a10712905e8d653e6','Ian','Harvel','09',26,1994,'Caliornia','San Jose','Action/Adventure','Sci/Fi Fantasy','','Hip-Hop/Rap','','','Football','Soccer','Track/Field','','','Sports','Exercise','Video Games','Action/Adventure','Thriller','','M',NULL,'Westmont High School, San Jose, CA'),('sidarth_s39@yahoo.com','a5dc72e53bd22f6849bed300dcd3dfbf','Joseph ','Bialowas ','02',22,1995,'','','Action/Adventure','Thriller','Comedy','','','','Basketball','Football','Soccer','Art History','','Sports','Video Games','Friends','','','','M',NULL,'Westmont High School, San Jose, CA'),('ttran3894@yahoo.com','4502e83fdad5bef0bedbe0e2799a24b9','Trevor','Tran','03',8,1994,'California','Campbell','Action/Adventure','Romance','Comedy','Hip-Hop/Rap','R&B','Pop','Basketball','Football','Swim','Music Composition','Music','Exercise','Friends','Music','Action/Adventure','SciFi/Fantasy','','M',NULL,NULL),('Amerthetanman@hotmail.com','229eaf6e9387607f7b7c57f9abc906ac','Amer','El-Arid','04',23,1994,'California','San Jose','','','','Oldies','','','','','','Biology','Pre-Med','','','','','','','M',NULL,NULL),('notracyngo@gmail.com','365f20bddf004b6fc5684cfd12fc7760','Tracy','Ngo','12',21,1994,'California','Campbell','Action/Adventure','Romance','Comedy','R&B','Pop','Alternative','Soccer','Track/Field','','','','Friends','TV/Movies','Music','Action/Adventure','Romance','Comedy','F',NULL,NULL),('dianatsang2000@gmail.com','8d3b4757ed8f3ed8ebdff4ad5bdf22a2','Diana','Tsang','05',11,1994,'California','Campbell','Romance','Comedy','','Pop','','','Soccer','Tennis','','Nursing','SJSU','Sports','Exercise','Friends','Action/Adventure','Romance','','F',NULL,NULL),('willyyi@ymail.com','fee7f9906bc6929beb2011fc1955ab52','Willy','Yi','03',12,1994,'California','Santa Clara','','','','','','','','','','Kinesiology','psychology','','','','','','','M',NULL,NULL),('gregory_grattan@yahoo.com','9f7efdcf46259b9dff11f617793e5a1e','Gregory','Grattan','08',30,1994,'CA','Campbell','','','','','','','','','','Business','Finance','','','','','','','M',NULL,NULL),('srimank95@gmail.com','787a20a934dde40a0fca4213e95d8e3c','Korean','Jesus','12',25,1981,'Westmont Highschool','','','','','','','','','','','','','','','','','','','M',NULL,NULL),('polish_cows@yahoo.com','17dfb47360ea24f615791eba8ed93a81','Sebastian','Golawski','02',22,1995,'CA','Campbell','Action/Adventure','Thriller','Comedy','Hip-Hop/Rap','Pop','Rock','Basketball','Football','Volleyball','','','Sports','Exercise','Video Games','Action/Adventure','','','M',NULL,'Westmont High School, San Jose, CA'),('lala@lala.com','827ccb0eea8a706c4c34a16891f84e7b','LA','LALALALA','05',27,1994,'California','Campbell','Action/Adventure','Comedy','Drama','Pop','','','Swim','Track/Field','','','','Exercise','Friends','Music','Action/Adventure','Drama','','M',NULL,'Westmont High School, San Jose, CA'),('bialowas3@aol.com','bf94a57bc4d5de221f39e17ea52c13c6','Joseph','Bialowas','11',12,1994,'CA','Campbell','Action/Adventure','Thriller','Comedy','Country','Hip-Hop/Rap','Alternative','','','','Art History','Your College','Friends','TV/Movies','Music','Action/Adventure','Thriller','Drama','M',NULL,'Westmont High School, San Jose, CA'),('zztop@gmail.com','5ec4e7b4bac94231836dbf8c25bc1abe','Jason','Mehta','01',10,1995,'California','Westmont H.S.','Comedy','','','Hip-Hop/Rap','','','Basketball','Football','Track/Field','','','Sports','Friends','TV/Movies','Comedy','','','M',NULL,'Westmont High School, San Jose, CA'),('morganfgdsjk@yahoo.copm','7ae768af30eef96921e48ef111930c3f','Morgan','Dreyer','10',9,1993,'Westmont High School','Campbell','Action/Adventure','Romance','Comedy','80\'s/90\'s','Hip-Hop/Rap','Pop','Basketball','Soccer','','Finance','Syracuse','Sports','Friends','TV/Movies','SciFi/Fantasy','','','F',NULL,'Westmont High School, San Jose, CA'),('kaylan.madson@yahoo.com','3476761814707520c1a6f1c67d3047eb','Kaylan','Madson','06',25,1994,'California','Campbell','Action/Adventure','','','','','','','','','Nursing','Heath Sciences','','','','','','','F','images/1334683823.jpg',NULL),('jazzy.kim11@gmail.com','8435eee9051e5aad862d509eca47a40c','Jasmine','kim','05',1,1995,'California','Campbell','Drama','','','','','','','','','undecided','undecided','','','','','','','F',NULL,NULL),('hot_chocolate949@yahoo.com','9ff160643fea36820630c74628c55587','Brittany','Bolden','04',17,1994,'California','Campbell','Action/Adventure','','','','','','','','','Undecided','Undecided','','','','','','','F',NULL,NULL),('mhalluin17@aol.com','eedbd8f22305c91e8d85266ec5a630a1','Madeline','Halluin','04',17,1994,'Illinois','Chicago','Action/Adventure','Comedy','Sci/Fi Fantasy','Oldies','Pop','Alternative','Swim','','','Musical Theatre','performing Arts','Sports','Friends','Music','Action/Adventure','Romance','SciFi/Fantasy','F',NULL,NULL),('janinnneeeishere@aim.com','5ec4e7b4bac94231836dbf8c25bc1abe','Jaicie','Grey','07',15,1994,'Georgia','Atlanta','Action/Adventure','Romance','Comedy','Oldies','80\'s/90\'s','Hip-Hop/Rap','Swim','','','Nutrition','Health Sciences','Friends','TV/Movies','Clubs/Organizations','Action/Adventure','Comedy','Non-Fiction','F',NULL,'Westmont High School, San Jose, CA'),('rhox113@gmail.com','6b0e28f9b211e2913001863fdd004bb1','alex','lim','09',14,1994,'California','Campbell','Action/Adventure','Comedy','Sci/Fi Fantasy','Oldies','Hip-Hop/Rap','R&B','Basketball','Football','','','','Sports','Video Games','Friends','Action/Adventure','Comedy','Drama','M',NULL,NULL),('bbjrgs@yahoo.com','81ba0b968b9ffa90c14d81d2321b73a6','Brianna ','B','04',9,1994,'CA','Los Gatos','','','','','','','','','','Environmental Studies','Science','','','','','','','F',NULL,NULL),('anderson@gmail.com','84119e8590a8c161d7cd9d9bfad46937','Bob','Anderson','01',1,1981,'Illinois','Atlantis','Thriller','','','Country','','','Basketball','','','Compter stuff','stanford harvard','Exercise','','','Scary/Horror','','','M','images/1334683761.jpg','University of Illinois, Champaign, Illinois'),('alejandro@aol.com','9a299f2c0fb3b46e4e518ffdfb602572','turd','bucket','01',12,1990,'California','Campbell','Action/Adventure','Comedy','Sci/Fi Fantasy','Oldies','Hip-Hop/Rap','Pop','Basketball','Football','Volleyball','Engineering','','Sports','Video Games','Friends','Action/Adventure','Comedy','SciFi/Fantasy','M',NULL,'Westmont High School, San Jose, CA'),('ellerella@yahoo.com','7c2185829dec00628b47b7575d53816f','Erin','Levis','01',22,1994,'California','San Jose','Romance','Comedy','Drama','Oldies','Hip-Hop/Rap','Pop','Football','Soccer','Volleyball','Molecular Biology','','Sports','Exercise','Friends','Romance','Comedy','Non-Fiction','F',NULL,'Westmont High School, San Jose, CA'),('athleticcutie21@aol.com','7263b79eae901673ddf84fbea9616dd0','sally','molly','07',2,1994,'california ','campbell','Action/Adventure','','','','','','Baseball','','','cognitive science','','Sports','','','','','','F',NULL,NULL),('itskathyvoyo@yahoo.com','27a262a0409dbb490ce182881b390f90','Kathy','Vo','04',6,1994,'California','Santa Clara','Action/Adventure','Comedy','Sci/Fi Fantasy','Hip-Hop/Rap','R&B','','Basketball','Swim','Tennis','Psychology','UCSD','Sports','Friends','Clubs/Organizations','Action/Adventure','Thriller','Drama','F',NULL,'Westmont High School, San Jose, CA'),('q@yahoo.com','5b41eabc9f81891bab5846b8c9bc7a6a','Will','Smith','10',25,1994,'Pennslyvania','West Philadelphia','Action/Adventure','','','Hip-Hop/Rap','','','Golf','','','Freshness','Bel-Air University','TV/Movies','','','Action/Adventure','','','M',NULL,'Westmont High School, San Jose, CA'),('ella.joe@gmail.com','5ec4e7b4bac94231836dbf8c25bc1abe','ella','joe','01',2,1994,'california','san jose','Action/Adventure','Thriller','Comedy','R&B','Alternative','Rock','Soccer','Swim','Volleyball','Marketing','Business','Sports','TV/Movies','Music','Romance','SciFi/Fantasy','Drama','F',NULL,'Westmont High School, Campbell, CA'),('alex@yahoo.com','645adb96c625a6bdc4d7c5e7bd8f66e4','Alex','Wilcox','04',17,1994,'','','','','','','','','','','','','','','','','','','','M',NULL,NULL),('emilyliisi@yahoo.com','170a7b6e3a242481c733af3a29f15f3a','Emily','louise','06',6,1994,'california','campbell','Action/Adventure','Thriller','Sci/Fi Fantasy','Alternative','','','Soccer','Track/Field','Volleyball','environmental design','architecture','Exercise','Friends','TV/Movies','Action/Adventure','Thriller','SciFi/Fantasy','F',NULL,'Westmont High School, San Jose, CA'),('sfdgfd@aol.com','374decf7cd143bccb2dd91a77223b3a7','kiri','le','12',27,1993,'CA','sanjose','Action/Adventure','','','','','','','','','','','','','','','','','F',NULL,NULL),('cameron.e.baker@gmail.com','0bf9efca39ac546c7e95bab139fdf27d','cameron','baker','03',8,1994,'CA','Westmont High School','Romance','Comedy','Sci/Fi Fantasy','R&B','Pop','Alternative','Baseball','Basketball','Tennis','Journalism','UNiversity of Nevada, Reno','Exercise','Friends','TV/Movies','Action/Adventure','Thriller','SciFi/Fantasy','F',NULL,'Westmont High School, San Jose, CA'),('kmitrick@yahoo.com','94bb17a0f2f439b1b27e7536290e11ea','Kristi','Mitrick','09',20,1995,'california','Los Gatos','Action/Adventure','Romance','Comedy','80\'s/90\'s','Country','Pop','Baseball','Football','Volleyball','Psychology','Westmont','Friends','Music','Clubs/Organizations','Action/Adventure','Thriller','SciFi/Fantasy','F',NULL,'San Jose, CA'),('timothy.a.eldridge@gmail.com','cab31314b46a26db85a63ad46694c1ef','Joe','Clayton','07',11,1994,'California','San Jose','Comedy','Drama','Documentary','Alternative','Rock','','Soccer','Tennis','','','','Friends','TV/Movies','Music','Comedy','Drama','Non-Fiction','M',NULL,'Westmont High School, San Jose, CA'),('megabenxzero@yahoo.com','a90202ca829b3b0267525dcb895341f1','Benjamin','Le','03',4,1994,'California','San Jose','Action/Adventure','Romance','Comedy','Hip-Hop/Rap','Alternative','Rock','Basketball','Football','Tennis','Business','San Fransico State','Video Games','Friends','TV/Movies','Action/Adventure','Comedy','SciFi/Fantasy','M',NULL,'Westmont High School, San Jose, CA'),('vjujare@sbcglobal.net','5ec4e7b4bac94231836dbf8c25bc1abe','Madhuri','Jujare','09',21,1995,'California','Campbell','Romance','','','Pop','','','','','','Bioinformatics','University of Southern California','','','','','','','F',NULL,NULL),('dianernguyen@gmail.com','32d451c8b980cacb09f873d275e487a1','Diana','Nguyen','10',9,1995,'California','San Jose','Action/Adventure','Scary/Horror','Comedy','Hip-Hop/Rap','R&B','Alternative','Football','Swim','Tennis',' I do not know','Apologies','Friends','TV/Movies','Music','Comedy','Drama','Non-Fiction','F',NULL,'Westmont High School, San Jose, CA'),('madisonvlay@gmail.com','353684e4e4da5633675c13b4c06a55e3','Madison','Vlay','05',21,1994,'CA','Campbell','Romance','Comedy','Drama','80\'s/90\'s','Pop','Alternative','Baseball','Football','Tennis','Journalism','Arts & Sciences','Exercise','Friends','TV/Movies','Action/Adventure','Romance','Drama','F',NULL,NULL),('Kuzie42@gmail.com','b1bbead5d9f004e1ed6b565881729fdf','Sara','Kusumoto','03',29,1994,'California','Campbell','Comedy','','','Oldies','Hip-Hop/Rap','Pop','Basketball','Football','Volleyball','Nursing','School of Nursing','Sports','Friends','TV/Movies','Action/Adventure','Thriller','Romance','F',NULL,'Westmont High School, San Jose, CA'),('iluvedwardcullen14@yahoo.com','8d8f226b54aeb500cbb1e04138916ce1','Penis','Bonerkin','08',15,1994,'California','Campbell','Thriller','Scary/Horror','Romance','Pop','Alternative','Rock','Swim','','','Pole Dancer','Mexico','Video Games','TV/Movies','Music','Scary/Horror','Romance','Drama','F','images/1334691732.jpg','Westmont High School, San Jose, CA'),('gleeonthemind@gmail.com','c01794f38633ed7801fc1e906a629d02','Kumpkin','Trolly','12',29,1993,'California','Campbell','Thriller','Scary/Horror','Sci/Fi Fantasy','80\'s/90\'s','Pop','Alternative','Soccer','','','Journalism','Journalism','Video Games','Friends','Music','Thriller','Scary/Horror','SciFi/Fantasy','F','images/1334691773.jpg','Westmont High School, San Jose, CA'),('sarahhong20@hotmail.co.kr','80601bf42eeaba86565ac027f90d973b','Jimin','Han','07',20,1993,'CA','Los gatos','Thriller','','','','','','Swim','','','','','','','','','','','F',NULL,NULL),('indianpride4ever@gmail.com','7343dd42eef92dfa2af8f165dfae7aa8','Greatest','Ever','05',12,1994,'CA','Campbell','Action/Adventure','Thriller','Comedy','Hip-Hop/Rap','','','Basketball','Tennis','','','','Sports','Exercise','Friends','Action/Adventure','','','M',NULL,'Westmont Avenue, San Jose, CA'),('nishimura@gmail.com','f11966195c3a8c5622b6f5207b728a45','Kate','Nishimura','07',12,1994,'California','Campbell','Romance','Comedy','Sci/Fi Fantasy','Pop','Rock','','Basketball','Swim','','','','Video Games','TV/Movies','','Action/Adventure','Romance','SciFi/Fantasy','F',NULL,'Westmont High School, San Jose, CA'),('boss@gmail.com','961af47f78a9e5fa2c263f53a1442130','Darren','McFadden','10',17,1994,'Arkansas','Little Rock','Action/Adventure','','','Hip-Hop/Rap','','','Football','','','Running Back','Wide Receiver','Sports','','','Non-Fiction','','','M','images/1334691918.png','Westmont High School, San Jose, CA'),('pdg@yahoo.com','1d97fd04cdd2ebdc1f7ca4d619c9ddac','Ann','MURR','04',14,1994,'California','San Jose','','','','Hip-Hop/Rap','R&B','Pop','Baseball','Basketball','Football','Escorting','Hollywood University','Sports','Exercise','Video Games','Action/Adventure','Thriller','Comedy','M','images/1334691977.jpg','Licking, OH'),('mmichhelllee@yahoo.com','6997b4af8634f0c2e437dd21806b2a29','Michelle','Lee','02',12,1994,'California','Campbell','Scary/Horror','Romance','Comedy','Oldies','Pop','Alternative','Basketball','Tennis','Volleyball','Cognitive Science','University of California San Diego','Friends','TV/Movies','Clubs/Organizations','Action/Adventure','Romance','Drama','F',NULL,'Westmont High School, San Jose, CA'),('lilaznfunnykid@yahoo.com','4cf1f84fd307b3da8983f6d83b46a4d1','Ryudo','Hirayama','02',21,1994,'California','Campbell','Action/Adventure','Comedy','Sci/Fi Fantasy','Hip-Hop/Rap','Pop','Alternative','Baseball','Basketball','Football','Business','De Anza ','Sports','Exercise','Friends','Action/Adventure','SciFi/Fantasy','Non-Fiction','M',NULL,'Westmont High School, San Jose, CA'),('kerryjthompson@sbcglobal.net','abe3f791ffcce54b327c34a31118fcae','Kerry','Thompson','04',4,1994,'california ','los gatos ','Action/Adventure','Romance','Comedy','Rock','','','Soccer','Track/Field','','Marine Biology ','UC Santa Cruz','Sports','Friends','TV/Movies','Action/Adventure','Romance','Drama','F',NULL,NULL),('bonbon2194@gmail.com','c98b6c954b881a600419e89dc99048c7','lil','crazed','01',3,1993,'california','sunnyvale','Comedy','','','Oldies','R&B','Pop','Basketball','Football','Soccer','music','berklee college of music','Sports','Friends','Music','Action/Adventure','Scary/Horror','Non-Fiction','M',NULL,NULL),('ann.belcastro@yahoo.com','502ca39d57989b62c0499bc4f92aff4b','Ann','Belcastro','09',15,1994,'California','Los Gatos','Scary/Horror','Romance','Comedy','Hip-Hop/Rap','Pop','Alternative','Football','Tennis','Volleyball','Psychology','Social Science','Friends','TV/Movies','Music','Thriller','Romance','Drama','F',NULL,'Campbell, CA'),('pg8405@yahoo.com','b5536ce8fcf9eeaefc8ac5d602a7f460','jasmine','smith','03',25,1990,'California','Campbell','','','','','','','','','','Mechanical Engineering','UC Berkeley ','','','','','','','F',NULL,NULL),('shadeh@sbcglobal.net','f8fb62e5dfc2f9acb0c4773032fe0f10','Shadeh','Rafi','09',1,1994,'California','San Jose','Comedy','','','Alternative','','','Soccer','','','Exercise Biology','Biological Sciences','Sports','','','Action/Adventure','','','F',NULL,NULL),('thatsalvintoyou@gmail.com','c2d01a2105cafc0621ece3a08a905a9e','Alvin','To','04',7,1994,'California','Campbell','Comedy','','','Hip-Hop/Rap','Pop','Rock','Basketball','Football','Soccer','Biology','CSU Fullerton','Sports','Video Games','TV/Movies','','','','M',NULL,NULL),('macattack10@gmail.com','1e2372be2d6c3032a0d2888b176dd529','Chris','Halkovic','04',10,1994,'California','San Jose','Action/Adventure','Comedy','Sci/Fi Fantasy','Oldies','Pop','Rock','Baseball','Soccer','Tennis','Graphic Information Technology','Arizona State University','Friends','TV/Movies','Clubs/Organizations','Action/Adventure','Thriller','Comedy','M',NULL,'Westmont High School, San Jose, CA'),('doubletower_marsh440@hotmail.com','0c3840e9cd80376de3100557d1c5531e','Af','Afra','01',28,1994,NULL,NULL,NULL,NULL,NULL,NULL,NULL,NULL,NULL,NULL,NULL,NULL,NULL,NULL,NULL,NULL,NULL,NULL,NULL,'F',NULL,NULL),('diginate01@yahoo.com','bc9e58c54e40f978c907b364230f9533','Calvin','Stermer','05',13,1992,'Iowa','Nowhere','Drama','','','80\'s/90\'s','','','Football','','','fashion','fashion university','Exercise','','','Thriller','','','M',NULL,'Westmont High School, San Jose, CA'),('perlin1@illinois.edu','8db68a1cd574b6b9c31cb3df12261f7a','Jonathan','Perlin','01',1,1997,'Illinois','Skokie','Comedy','Sci/Fi Fantasy','','80\'s/90\'s','R&B','Rock','Football','','','Computer Science','Engineering','Video Games','TV/Movies','','SciFi/Fantasy','','','M',NULL,'Siebel Center for Computer Science, North Goodwin '),('xugao0131@hotamil.com','fadfdba81fc0680bc46fbc7255e8ec24','Xu','Gao','01',31,1992,NULL,NULL,NULL,NULL,NULL,NULL,NULL,NULL,NULL,NULL,NULL,NULL,NULL,NULL,NULL,NULL,NULL,NULL,NULL,'F',NULL,NULL);
/*!40000 ALTER TABLE `USERS` ENABLE KEYS */;
UNLOCK TABLES;
/*!40103 SET TIME_ZONE=@OLD_TIME_ZONE */;

/*!40101 SET SQL_MODE=@OLD_SQL_MODE */;
/*!40014 SET FOREIGN_KEY_CHECKS=@OLD_FOREIGN_KEY_CHECKS */;
/*!40014 SET UNIQUE_CHECKS=@OLD_UNIQUE_CHECKS */;
/*!40101 SET CHARACTER_SET_CLIENT=@OLD_CHARACTER_SET_CLIENT */;
/*!40101 SET CHARACTER_SET_RESULTS=@OLD_CHARACTER_SET_RESULTS */;
/*!40101 SET COLLATION_CONNECTION=@OLD_COLLATION_CONNECTION */;
/*!40111 SET SQL_NOTES=@OLD_SQL_NOTES */;

-- Dump completed on 2012-04-17 21:40:39
